iso_code,continent,location,date,total_cases,new_cases,new_cases_smoothed,total_deaths,new_deaths,new_deaths_smoothed,total_cases_per_million,new_cases_per_million,new_cases_smoothed_per_million,total_deaths_per_million,new_deaths_per_million,new_deaths_smoothed_per_million,new_tests,total_tests,total_tests_per_thousand,new_tests_per_thousand,new_tests_smoothed,new_tests_smoothed_per_thousand,tests_per_case,positive_rate,tests_units,stringency_index,population,population_density,median_age,aged_65_older,aged_70_older,gdp_per_capita,extreme_poverty,cardiovasc_death_rate,diabetes_prevalence,female_smokers,male_smokers,handwashing_facilities,hospital_beds_per_thousand,life_expectancy,human_development_index
ARG,South America,Argentina,2020-02-11,,,,,,,,,,,,,2.0,2.0,0.0,0.0,,,,,people tested,11.11,45195777.0,16.177,31.9,11.198,7.441,18933.907,0.6,191.032,5.5,16.2,27.7,,5.0,76.67,0.825
ARG,South America,Argentina,2020-02-12,,,,,,,,,,,,,,,,,,,,,people tested,11.11,45195777.0,16.177,31.9,11.198,7.441,18933.907,0.6,191.032,5.5,16.2,27.7,,5.0,76.67,0.825
ARG,South America,Argentina,2020-02-13,,,,,,,,,,,,,,,,,,,,,people tested,11.11,45195777.0,16.177,31.9,11.198,7.441,18933.907,0.6,191.032,5.5,16.2,27.7,,5.0,76.67,0.825
ARG,South America,Argentina,2020-02-14,,,,,,,,,,,,,,,,,,,,,people tested,11.11,45195777.0,16.177,31.9,11.198,7.441,18933.907,0.6,191.032,5.5,16.2,27.7,,5.0,76.67,0.825
ARG,South America,Argentina,2020-02-15,,,,,,,,,,,,,,,,,,,,,people tested,11.11,45195777.0,16.177,31.9,11.198,7.441,18933.907,0.6,191.032,5.5,16.2,27.7,,5.0,76.67,0.825
ARG,South America,Argentina,2020-02-16,,,,,,,,,,,,,,,,,,,,,people tested,11.11,45195777.0,16.177,31.9,11.198,7.441,18933.907,0.6,191.032,5.5,16.2,27.7,,5.0,76.67,0.825
ARG,South America,Argentina,2020-02-17,,,,,,,,,,,,,,,,,,,,,people tested,11.11,45195777.0,16.177,31.9,11.198,7.441,18933.907,0.6,191.032,5.5,16.2,27.7,,5.0,76.67,0.825
ARG,South America,Argentina,2020-02-18,,,,,,,,,,,,,,,,,0.0,0.0,,,people tested,11.11,45195777.0,16.177,31.9,11.198,7.441,18933.907,0.6,191.032,5.5,16.2,27.7,,5.0,76.67,0.825
ARG,South America,Argentina,2020-02-19,,,,,,,,,,,,,,,,,0.0,0.0,,,people tested,11.11,45195777.0,16.177,31.9,11.198,7.441,18933.907,0.6,191.032,5.5,16.2,27.7,,5.0,76.67,0.825
ARG,South America,Argentina,2020-02-20,,,,,,,,,,,,,2.0,4.0,0.0,0.0,0.0,0.0,,,people tested,11.11,45195777.0,16.177,31.9,11.198,7.441,18933.907,0.6,191.032,5.5,16.2,27.7,,5.0,76.67,0.825
ARG,South America,Argentina,2020-02-21,,,,,,,,,,,,,,,,,0.0,0.0,,,people tested,11.11,45195777.0,16.177,31.9,11.198,7.441,18933.907,0.6,191.032,5.5,16.2,27.7,,5.0,76.67,0.825
ARG,South America,Argentina,2020-02-22,,,,,,,,,,,,,,,,,0.0,0.0,,,people tested,11.11,45195777.0,16.177,31.9,11.198,7.441,18933.907,0.6,191.032,5.5,16.2,27.7,,5.0,76.67,0.825
ARG,South America,Argentina,2020-02-23,,,,,,,,,,,,,,,,,0.0,0.0,,,people tested,11.11,45195777.0,16.177,31.9,11.198,7.441,18933.907,0.6,191.032,5.5,16.2,27.7,,5.0,76.67,0.825
ARG,South America,Argentina,2020-02-24,,,,,,,,,,,,,,,,,0.0,0.0,,,people tested,11.11,45195777.0,16.177,31.9,11.198,7.441,18933.907,0.6,191.032,5.5,16.2,27.7,,5.0,76.67,0.825
ARG,South America,Argentina,2020-02-25,,,,,,,,,,,,,1.0,5.0,0.0,0.0,0.0,0.0,,,people tested,11.11,45195777.0,16.177,31.9,11.198,7.441,18933.907,0.6,191.032,5.5,16.2,27.7,,5.0,76.67,0.825
ARG,South America,Argentina,2020-02-26,,,,,,,,,,,,,,,,,1.0,0.0,,,people tested,11.11,45195777.0,16.177,31.9,11.198,7.441,18933.907,0.6,191.032,5.5,16.2,27.7,,5.0,76.67,0.825
ARG,South America,Argentina,2020-02-27,,,,,,,,,,,,,5.0,10.0,0.0,0.0,1.0,0.0,,,people tested,11.11,45195777.0,16.177,31.9,11.198,7.441,18933.907,0.6,191.032,5.5,16.2,27.7,,5.0,76.67,0.825
ARG,South America,Argentina,2020-02-28,,,,,,,,,,,,,9.0,19.0,0.0,0.0,2.0,0.0,,,people tested,11.11,45195777.0,16.177,31.9,11.198,7.441,18933.907,0.6,191.032,5.5,16.2,27.7,,5.0,76.67,0.825
ARG,South America,Argentina,2020-02-29,,,,,,,,,,,,,,,,,2.0,0.0,,,people tested,11.11,45195777.0,16.177,31.9,11.198,7.441,18933.907,0.6,191.032,5.5,16.2,27.7,,5.0,76.67,0.825
ARG,South America,Argentina,2020-03-01,,,,,,,,,,,,,,,,,3.0,0.0,,,people tested,11.11,45195777.0,16.177,31.9,11.198,7.441,18933.907,0.6,191.032,5.5,16.2,27.7,,5.0,76.67,0.825
ARG,South America,Argentina,2020-03-02,,,,,,,,,,,,,5.0,24.0,0.001,0.0,3.0,0.0,,,people tested,11.11,45195777.0,16.177,31.9,11.198,7.441,18933.907,0.6,191.032,5.5,16.2,27.7,,5.0,76.67,0.825
ARG,South America,Argentina,2020-03-03,,,,,,,,,,,,,7.0,31.0,0.001,0.0,4.0,0.0,,,people tested,11.11,45195777.0,16.177,31.9,11.198,7.441,18933.907,0.6,191.032,5.5,16.2,27.7,,5.0,76.67,0.825
ARG,South America,Argentina,2020-03-04,1.0,1.0,,0.0,0.0,,0.022000000000000002,0.022000000000000002,,0.0,0.0,,6.0,37.0,0.001,0.0,4.0,0.0,,,people tested,11.11,45195777.0,16.177,31.9,11.198,7.441,18933.907,0.6,191.032,5.5,16.2,27.7,,5.0,76.67,0.825
ARG,South America,Argentina,2020-03-05,,,,,,,,,,,,,7.0,44.0,0.001,0.0,5.0,0.0,,,people tested,11.11,45195777.0,16.177,31.9,11.198,7.441,18933.907,0.6,191.032,5.5,16.2,27.7,,5.0,76.67,0.825
ARG,South America,Argentina,2020-03-06,2.0,1.0,,0.0,0.0,,0.044000000000000004,0.022000000000000002,,0.0,0.0,,10.0,54.0,0.001,0.0,5.0,0.0,,,people tested,11.11,45195777.0,16.177,31.9,11.198,7.441,18933.907,0.6,191.032,5.5,16.2,27.7,,5.0,76.67,0.825
ARG,South America,Argentina,2020-03-07,8.0,6.0,,0.0,0.0,,0.177,0.133,,0.0,0.0,,8.0,62.0,0.001,0.0,6.0,0.0,,,people tested,11.11,45195777.0,16.177,31.9,11.198,7.441,18933.907,0.6,191.032,5.5,16.2,27.7,,5.0,76.67,0.825
ARG,South America,Argentina,2020-03-08,9.0,1.0,,1.0,1.0,,0.19899999999999998,0.022000000000000002,,0.022000000000000002,0.022000000000000002,,26.0,88.0,0.002,0.001,9.0,0.0,,,people tested,11.11,45195777.0,16.177,31.9,11.198,7.441,18933.907,0.6,191.032,5.5,16.2,27.7,,5.0,76.67,0.825
ARG,South America,Argentina,2020-03-09,12.0,3.0,,1.0,0.0,,0.266,0.066,,0.022000000000000002,0.0,,12.0,100.0,0.002,0.0,11.0,0.0,,,people tested,11.11,45195777.0,16.177,31.9,11.198,7.441,18933.907,0.6,191.032,5.5,16.2,27.7,,5.0,76.67,0.825
ARG,South America,Argentina,2020-03-10,,,1.714,,,0.14300000000000002,,,0.038,,,0.003,36.0,136.0,0.003,0.001,15.0,0.0,,,people tested,11.11,45195777.0,16.177,31.9,11.198,7.441,18933.907,0.6,191.032,5.5,16.2,27.7,,5.0,76.67,0.825
ARG,South America,Argentina,2020-03-11,19.0,7.0,2.571,1.0,0.0,0.14300000000000002,0.42,0.155,0.057,0.022000000000000002,0.0,0.003,30.0,166.0,0.004,0.001,18.0,0.0,7.0,0.14300000000000002,people tested,25.0,45195777.0,16.177,31.9,11.198,7.441,18933.907,0.6,191.032,5.5,16.2,27.7,,5.0,76.67,0.825
ARG,South America,Argentina,2020-03-12,,,2.571,,,0.14300000000000002,,,0.057,,,0.003,41.0,207.0,0.005,0.001,23.0,0.001,8.943999999999997,0.112,people tested,25.0,45195777.0,16.177,31.9,11.198,7.441,18933.907,0.6,191.032,5.5,16.2,27.7,,5.0,76.67,0.825
ARG,South America,Argentina,2020-03-13,31.0,12.0,4.143,1.0,0.0,0.14300000000000002,0.6859999999999999,0.266,0.092,0.022000000000000002,0.0,0.003,82.0,289.0,0.006,0.002,34.0,0.001,8.207,0.122,people tested,25.0,45195777.0,16.177,31.9,11.198,7.441,18933.907,0.6,191.032,5.5,16.2,27.7,,5.0,76.67,0.825
ARG,South America,Argentina,2020-03-14,34.0,3.0,3.714,2.0,1.0,0.28600000000000003,0.752,0.066,0.08199999999999999,0.044000000000000004,0.022000000000000002,0.006,49.0,338.0,0.006999999999999999,0.001,39.0,0.001,10.5,0.095,people tested,25.0,45195777.0,16.177,31.9,11.198,7.441,18933.907,0.6,191.032,5.5,16.2,27.7,,5.0,76.67,0.825
ARG,South America,Argentina,2020-03-15,45.0,11.0,5.143,2.0,0.0,0.14300000000000002,0.996,0.243,0.114,0.044000000000000004,0.0,0.003,79.0,417.0,0.009000000000000001,0.002,47.0,0.001,9.139,0.109,people tested,25.0,45195777.0,16.177,31.9,11.198,7.441,18933.907,0.6,191.032,5.5,16.2,27.7,,5.0,76.67,0.825
ARG,South America,Argentina,2020-03-16,56.0,11.0,6.2860000000000005,2.0,0.0,0.14300000000000002,1.239,0.243,0.139,0.044000000000000004,0.0,0.003,98.0,515.0,0.011000000000000001,0.002,59.0,0.001,9.386,0.107,people tested,41.67,45195777.0,16.177,31.9,11.198,7.441,18933.907,0.6,191.032,5.5,16.2,27.7,,5.0,76.67,0.825
ARG,South America,Argentina,2020-03-17,65.0,9.0,7.571000000000001,2.0,0.0,0.14300000000000002,1.4380000000000002,0.19899999999999998,0.168,0.044000000000000004,0.0,0.003,120.0,635.0,0.013999999999999999,0.003,71.0,0.002,9.377,0.107,people tested,41.67,45195777.0,16.177,31.9,11.198,7.441,18933.907,0.6,191.032,5.5,16.2,27.7,,5.0,76.67,0.825
ARG,South America,Argentina,2020-03-18,79.0,14.0,8.571,2.0,0.0,0.14300000000000002,1.7480000000000002,0.31,0.19,0.044000000000000004,0.0,0.003,189.0,824.0,0.018000000000000002,0.004,94.0,0.002,10.967,0.091,people tested,41.67,45195777.0,16.177,31.9,11.198,7.441,18933.907,0.6,191.032,5.5,16.2,27.7,,5.0,76.67,0.825
ARG,South America,Argentina,2020-03-19,97.0,18.0,11.142999999999999,2.0,0.0,0.14300000000000002,2.146,0.39799999999999996,0.247,0.044000000000000004,0.0,0.003,137.0,961.0,0.021,0.003,108.0,0.002,9.692,0.103,people tested,75.0,45195777.0,16.177,31.9,11.198,7.441,18933.907,0.6,191.032,5.5,16.2,27.7,,5.0,76.67,0.825
ARG,South America,Argentina,2020-03-20,128.0,31.0,13.857000000000001,3.0,1.0,0.28600000000000003,2.832,0.6859999999999999,0.307,0.066,0.022000000000000002,0.006,211.0,1172.0,0.026000000000000002,0.005,126.0,0.003,9.093,0.11,people tested,88.89,45195777.0,16.177,31.9,11.198,7.441,18933.907,0.6,191.032,5.5,16.2,27.7,,5.0,76.67,0.825
ARG,South America,Argentina,2020-03-21,158.0,30.0,17.714000000000002,3.0,0.0,0.14300000000000002,3.4960000000000004,0.664,0.392,0.066,0.0,0.003,291.0,1463.0,0.032,0.006,161.0,0.004,9.089,0.11,people tested,88.89,45195777.0,16.177,31.9,11.198,7.441,18933.907,0.6,191.032,5.5,16.2,27.7,,5.0,76.67,0.825
ARG,South America,Argentina,2020-03-22,225.0,67.0,25.714000000000002,4.0,1.0,0.28600000000000003,4.978,1.482,0.569,0.08900000000000001,0.022000000000000002,0.006,218.0,1681.0,0.037000000000000005,0.005,181.0,0.004,7.039,0.142,people tested,88.89,45195777.0,16.177,31.9,11.198,7.441,18933.907,0.6,191.032,5.5,16.2,27.7,,5.0,76.67,0.825
ARG,South America,Argentina,2020-03-23,266.0,41.0,30.0,4.0,0.0,0.28600000000000003,5.886,0.907,0.664,0.08900000000000001,0.0,0.006,258.0,1939.0,0.043,0.006,203.0,0.004,6.767,0.14800000000000002,people tested,100.0,45195777.0,16.177,31.9,11.198,7.441,18933.907,0.6,191.032,5.5,16.2,27.7,,5.0,76.67,0.825
ARG,South America,Argentina,2020-03-24,301.0,35.0,33.714,4.0,0.0,0.28600000000000003,6.66,0.774,0.746,0.08900000000000001,0.0,0.006,388.0,2327.0,0.051,0.009000000000000001,242.0,0.005,7.178,0.139,people tested,100.0,45195777.0,16.177,31.9,11.198,7.441,18933.907,0.6,191.032,5.5,16.2,27.7,,5.0,76.67,0.825
ARG,South America,Argentina,2020-03-25,387.0,86.0,44.0,6.0,2.0,0.5710000000000001,8.562999999999999,1.903,0.9740000000000001,0.133,0.044000000000000004,0.013000000000000001,441.0,2768.0,0.061,0.01,278.0,0.006,6.318,0.158,people tested,100.0,45195777.0,16.177,31.9,11.198,7.441,18933.907,0.6,191.032,5.5,16.2,27.7,,5.0,76.67,0.825
ARG,South America,Argentina,2020-03-26,502.0,115.0,57.857,8.0,2.0,0.857,11.107000000000001,2.544,1.28,0.177,0.044000000000000004,0.019,482.0,3250.0,0.07200000000000001,0.011000000000000001,327.0,0.006999999999999999,5.652,0.177,people tested,100.0,45195777.0,16.177,31.9,11.198,7.441,18933.907,0.6,191.032,5.5,16.2,27.7,,5.0,76.67,0.825
ARG,South America,Argentina,2020-03-27,589.0,87.0,65.857,12.0,4.0,1.286,13.032,1.925,1.4569999999999999,0.266,0.08900000000000001,0.027999999999999997,361.0,3611.0,0.08,0.008,348.0,0.008,5.284,0.189,people tested,100.0,45195777.0,16.177,31.9,11.198,7.441,18933.907,0.6,191.032,5.5,16.2,27.7,,5.0,76.67,0.825
ARG,South America,Argentina,2020-03-28,690.0,101.0,76.0,17.0,5.0,2.0,15.267000000000001,2.235,1.682,0.376,0.111,0.044000000000000004,411.0,4022.0,0.08900000000000001,0.009000000000000001,366.0,0.008,4.816,0.208,people tested,100.0,45195777.0,16.177,31.9,11.198,7.441,18933.907,0.6,191.032,5.5,16.2,27.7,,5.0,76.67,0.825
ARG,South America,Argentina,2020-03-29,745.0,55.0,74.286,19.0,2.0,2.1430000000000002,16.484,1.217,1.6440000000000001,0.42,0.044000000000000004,0.047,622.0,4644.0,0.10300000000000001,0.013999999999999999,423.0,0.009000000000000001,5.694,0.17600000000000002,people tested,100.0,45195777.0,16.177,31.9,11.198,7.441,18933.907,0.6,191.032,5.5,16.2,27.7,,5.0,76.67,0.825
ARG,South America,Argentina,2020-03-30,820.0,75.0,79.143,20.0,1.0,2.286,18.143,1.659,1.751,0.44299999999999995,0.022000000000000002,0.051,531.0,5175.0,0.115,0.012,462.0,0.01,5.837999999999999,0.171,people tested,100.0,45195777.0,16.177,31.9,11.198,7.441,18933.907,0.6,191.032,5.5,16.2,27.7,,5.0,76.67,0.825
ARG,South America,Argentina,2020-03-31,966.0,146.0,95.0,24.0,4.0,2.8569999999999998,21.374000000000002,3.23,2.102,0.531,0.08900000000000001,0.063,587.0,5762.0,0.127,0.013000000000000001,491.0,0.011000000000000001,5.167999999999998,0.193,people tested,100.0,45195777.0,16.177,31.9,11.198,7.441,18933.907,0.6,191.032,5.5,16.2,27.7,,5.0,76.67,0.825
ARG,South America,Argentina,2020-04-01,966.0,0.0,82.714,24.0,0.0,2.571,21.374000000000002,0.0,1.83,0.531,0.0,0.057,927.0,6689.0,0.14800000000000002,0.021,560.0,0.012,6.77,0.14800000000000002,people tested,100.0,45195777.0,16.177,31.9,11.198,7.441,18933.907,0.6,191.032,5.5,16.2,27.7,,5.0,76.67,0.825
ARG,South America,Argentina,2020-04-02,1133.0,167.0,90.14299999999999,31.0,7.0,3.286,25.069000000000003,3.695,1.994,0.6859999999999999,0.155,0.073,1286.0,7975.0,0.17600000000000002,0.027999999999999997,675.0,0.015,7.487999999999999,0.134,people tested,100.0,45195777.0,16.177,31.9,11.198,7.441,18933.907,0.6,191.032,5.5,16.2,27.7,,5.0,76.67,0.825
ARG,South America,Argentina,2020-04-03,1133.0,0.0,77.714,34.0,3.0,3.1430000000000002,25.069000000000003,0.0,1.72,0.752,0.066,0.07,1248.0,9223.0,0.204,0.027999999999999997,802.0,0.018000000000000002,10.32,0.097,people tested,100.0,45195777.0,16.177,31.9,11.198,7.441,18933.907,0.6,191.032,5.5,16.2,27.7,,5.0,76.67,0.825
ARG,South America,Argentina,2020-04-04,1265.0,132.0,82.14299999999999,37.0,3.0,2.8569999999999998,27.989,2.9210000000000003,1.817,0.8190000000000001,0.066,0.063,1090.0,10313.0,0.228,0.024,899.0,0.02,10.944,0.091,people tested,100.0,45195777.0,16.177,31.9,11.198,7.441,18933.907,0.6,191.032,5.5,16.2,27.7,,5.0,76.67,0.825
ARG,South America,Argentina,2020-04-05,1451.0,186.0,100.85700000000001,43.0,6.0,3.429,32.105,4.115,2.2319999999999998,0.951,0.133,0.076,819.0,11132.0,0.24600000000000002,0.018000000000000002,927.0,0.021,9.191,0.109,people tested,100.0,45195777.0,16.177,31.9,11.198,7.441,18933.907,0.6,191.032,5.5,16.2,27.7,,5.0,76.67,0.825
ARG,South America,Argentina,2020-04-06,1554.0,103.0,104.85700000000001,46.0,3.0,3.714,34.384,2.279,2.32,1.018,0.066,0.08199999999999999,1090.0,12222.0,0.27,0.024,1007.0,0.022000000000000002,9.604,0.104,people tested,100.0,45195777.0,16.177,31.9,11.198,7.441,18933.907,0.6,191.032,5.5,16.2,27.7,,5.0,76.67,0.825
ARG,South America,Argentina,2020-04-07,1628.0,74.0,94.571,53.0,7.0,4.143,36.021,1.6369999999999998,2.092,1.173,0.155,0.092,1381.0,13603.0,0.301,0.031,1120.0,0.025,11.843,0.084,people tested,100.0,45195777.0,16.177,31.9,11.198,7.441,18933.907,0.6,191.032,5.5,16.2,27.7,,5.0,76.67,0.825
ARG,South America,Argentina,2020-04-08,1715.0,87.0,107.0,60.0,7.0,5.143,37.946,1.925,2.367,1.328,0.155,0.114,1536.0,15139.0,0.335,0.034,1207.0,0.027000000000000003,11.28,0.08900000000000001,people tested,100.0,45195777.0,16.177,31.9,11.198,7.441,18933.907,0.6,191.032,5.5,16.2,27.7,,5.0,76.67,0.825
ARG,South America,Argentina,2020-04-09,1795.0,80.0,94.571,65.0,5.0,4.857,39.716,1.77,2.092,1.4380000000000002,0.111,0.107,1437.0,16576.0,0.36700000000000005,0.032,1229.0,0.027000000000000003,12.995,0.077,people tested,100.0,45195777.0,16.177,31.9,11.198,7.441,18933.907,0.6,191.032,5.5,16.2,27.7,,5.0,76.67,0.825
ARG,South America,Argentina,2020-04-10,1894.0,99.0,108.714,79.0,14.0,6.428999999999999,41.907,2.19,2.405,1.7480000000000002,0.31,0.142,1239.0,17815.0,0.39399999999999996,0.027000000000000003,1227.0,0.027000000000000003,11.286,0.08900000000000001,people tested,100.0,45195777.0,16.177,31.9,11.198,7.441,18933.907,0.6,191.032,5.5,16.2,27.7,,5.0,76.67,0.825
ARG,South America,Argentina,2020-04-11,1975.0,81.0,101.429,82.0,3.0,6.428999999999999,43.699,1.7919999999999998,2.244,1.814,0.066,0.142,1335.0,19150.0,0.424,0.03,1262.0,0.027999999999999997,12.442,0.08,people tested,100.0,45195777.0,16.177,31.9,11.198,7.441,18933.907,0.6,191.032,5.5,16.2,27.7,,5.0,76.67,0.825
ARG,South America,Argentina,2020-04-12,2137.0,162.0,98.0,89.0,7.0,6.571000000000001,47.283,3.5839999999999996,2.168,1.969,0.155,0.145,1066.0,20216.0,0.447,0.024,1298.0,0.028999999999999998,13.245,0.076,people tested,100.0,45195777.0,16.177,31.9,11.198,7.441,18933.907,0.6,191.032,5.5,16.2,27.7,,5.0,76.67,0.825
ARG,South America,Argentina,2020-04-13,2203.0,66.0,92.714,95.0,6.0,7.0,48.743,1.46,2.051,2.102,0.133,0.155,1409.0,21625.0,0.478,0.031,1343.0,0.03,14.485,0.069,people tested,100.0,45195777.0,16.177,31.9,11.198,7.441,18933.907,0.6,191.032,5.5,16.2,27.7,,5.0,76.67,0.825
ARG,South America,Argentina,2020-04-14,2272.0,69.0,92.0,98.0,3.0,6.428999999999999,50.27,1.527,2.036,2.168,0.066,0.142,1663.0,23288.0,0.515,0.037000000000000005,1384.0,0.031,15.043,0.066,people tested,100.0,45195777.0,16.177,31.9,11.198,7.441,18933.907,0.6,191.032,5.5,16.2,27.7,,5.0,76.67,0.825
ARG,South America,Argentina,2020-04-15,2432.0,160.0,102.429,105.0,7.0,6.428999999999999,53.81,3.54,2.266,2.323,0.155,0.142,1690.0,24978.0,0.5529999999999999,0.037000000000000005,1406.0,0.031,13.727,0.073,people tested,100.0,45195777.0,16.177,31.9,11.198,7.441,18933.907,0.6,191.032,5.5,16.2,27.7,,5.0,76.67,0.825
ARG,South America,Argentina,2020-04-16,2432.0,0.0,91.0,109.0,4.0,6.2860000000000005,53.81,0.0,2.013,2.412,0.08900000000000001,0.139,1726.0,26704.0,0.591,0.038,1447.0,0.032,15.901,0.063,people tested,100.0,45195777.0,16.177,31.9,11.198,7.441,18933.907,0.6,191.032,5.5,16.2,27.7,,5.0,76.67,0.825
ARG,South America,Argentina,2020-04-17,2560.0,128.0,95.14299999999999,115.0,6.0,5.143,56.641999999999996,2.832,2.105,2.544,0.133,0.114,1701.0,28405.0,0.628,0.038,1513.0,0.033,15.902,0.063,people tested,100.0,45195777.0,16.177,31.9,11.198,7.441,18933.907,0.6,191.032,5.5,16.2,27.7,,5.0,76.67,0.825
ARG,South America,Argentina,2020-04-18,2658.0,98.0,97.571,122.0,7.0,5.7139999999999995,58.81100000000001,2.168,2.1590000000000003,2.699,0.155,0.126,1637.0,30042.0,0.665,0.036000000000000004,1556.0,0.034,15.947,0.063,people tested,100.0,45195777.0,16.177,31.9,11.198,7.441,18933.907,0.6,191.032,5.5,16.2,27.7,,5.0,76.67,0.825
ARG,South America,Argentina,2020-04-19,2828.0,170.0,98.714,132.0,10.0,6.143,62.571999999999996,3.761,2.184,2.9210000000000003,0.221,0.136,1176.0,31218.0,0.691,0.026000000000000002,1572.0,0.035,15.925,0.063,people tested,100.0,45195777.0,16.177,31.9,11.198,7.441,18933.907,0.6,191.032,5.5,16.2,27.7,,5.0,76.67,0.825
ARG,South America,Argentina,2020-04-20,2930.0,102.0,103.85700000000001,134.0,2.0,5.571000000000001,64.829,2.2569999999999997,2.298,2.965,0.044000000000000004,0.12300000000000001,1804.0,33022.0,0.731,0.04,1628.0,0.036000000000000004,15.675,0.064,people tested,100.0,45195777.0,16.177,31.9,11.198,7.441,18933.907,0.6,191.032,5.5,16.2,27.7,,5.0,76.67,0.825
ARG,South America,Argentina,2020-04-21,3020.0,90.0,106.85700000000001,142.0,8.0,6.2860000000000005,66.82,1.9909999999999999,2.364,3.142,0.177,0.139,2270.0,35292.0,0.7809999999999999,0.05,1715.0,0.038,16.049,0.062,people tested,100.0,45195777.0,16.177,31.9,11.198,7.441,18933.907,0.6,191.032,5.5,16.2,27.7,,5.0,76.67,0.825
ARG,South America,Argentina,2020-04-22,3132.0,112.0,100.0,151.0,9.0,6.571000000000001,69.29899999999999,2.478,2.213,3.341,0.19899999999999998,0.145,1996.0,37288.0,0.825,0.044000000000000004,1759.0,0.039,17.59,0.057,people tested,100.0,45195777.0,16.177,31.9,11.198,7.441,18933.907,0.6,191.032,5.5,16.2,27.7,,5.0,76.67,0.825
ARG,South America,Argentina,2020-04-23,3276.0,144.0,120.571,159.0,8.0,7.143,72.485,3.1860000000000004,2.668,3.5180000000000002,0.177,0.158,2180.0,39468.0,0.873,0.048,1823.0,0.04,15.12,0.066,people tested,100.0,45195777.0,16.177,31.9,11.198,7.441,18933.907,0.6,191.032,5.5,16.2,27.7,,5.0,76.67,0.825
ARG,South America,Argentina,2020-04-24,3423.0,147.0,123.286,165.0,6.0,7.143,75.737,3.253,2.728,3.6510000000000002,0.133,0.158,2450.0,41918.0,0.927,0.054000000000000006,1930.0,0.043,15.655,0.064,people tested,100.0,45195777.0,16.177,31.9,11.198,7.441,18933.907,0.6,191.032,5.5,16.2,27.7,,5.0,76.67,0.825
ARG,South America,Argentina,2020-04-25,3423.0,0.0,109.286,167.0,2.0,6.428999999999999,75.737,0.0,2.418,3.695,0.044000000000000004,0.142,2056.0,43974.0,0.973,0.045,1990.0,0.044000000000000004,18.209,0.055,people tested,100.0,45195777.0,16.177,31.9,11.198,7.441,18933.907,0.6,191.032,5.5,16.2,27.7,,5.0,76.67,0.825
ARG,South America,Argentina,2020-04-26,3767.0,344.0,134.143,185.0,18.0,7.571000000000001,83.348,7.611000000000001,2.968,4.093,0.39799999999999996,0.168,1410.0,45384.0,1.004,0.031,2024.0,0.045,15.088,0.066,people tested,98.15,45195777.0,16.177,31.9,11.198,7.441,18933.907,0.6,191.032,5.5,16.2,27.7,,5.0,76.67,0.825
ARG,South America,Argentina,2020-04-27,3767.0,0.0,119.571,186.0,1.0,7.428999999999999,83.348,0.0,2.6460000000000004,4.115,0.022000000000000002,0.16399999999999998,1781.0,47165.0,1.044,0.039,2020.0,0.045,16.894000000000002,0.059,people tested,88.89,45195777.0,16.177,31.9,11.198,7.441,18933.907,0.6,191.032,5.5,16.2,27.7,,5.0,76.67,0.825
ARG,South America,Argentina,2020-04-28,3990.0,223.0,138.571,197.0,11.0,7.857,88.28299999999999,4.934,3.0660000000000003,4.359,0.243,0.174,2102.0,49267.0,1.09,0.047,1996.0,0.044000000000000004,14.404000000000002,0.069,people tested,88.89,45195777.0,16.177,31.9,11.198,7.441,18933.907,0.6,191.032,5.5,16.2,27.7,,5.0,76.67,0.825
ARG,South America,Argentina,2020-04-29,4114.0,124.0,140.286,207.0,10.0,8.0,91.02600000000001,2.7439999999999998,3.1039999999999996,4.58,0.221,0.177,2386.0,51653.0,1.143,0.053,2052.0,0.045,14.627,0.068,people tested,88.89,45195777.0,16.177,31.9,11.198,7.441,18933.907,0.6,191.032,5.5,16.2,27.7,,5.0,76.67,0.825
ARG,South America,Argentina,2020-04-30,4272.0,158.0,142.286,214.0,7.0,7.857,94.522,3.4960000000000004,3.148,4.735,0.155,0.174,2176.0,53829.0,1.1909999999999998,0.048,2052.0,0.045,14.422,0.069,people tested,88.89,45195777.0,16.177,31.9,11.198,7.441,18933.907,0.6,191.032,5.5,16.2,27.7,,5.0,76.67,0.825
ARG,South America,Argentina,2020-05-01,4415.0,143.0,141.714,218.0,4.0,7.571000000000001,97.686,3.1639999999999997,3.136,4.823,0.08900000000000001,0.168,1969.0,55798.0,1.235,0.044000000000000004,1983.0,0.044000000000000004,13.993,0.071,people tested,88.89,45195777.0,16.177,31.9,11.198,7.441,18933.907,0.6,191.032,5.5,16.2,27.7,,5.0,76.67,0.825
ARG,South America,Argentina,2020-05-02,4519.0,104.0,156.571,225.0,7.0,8.286,99.98700000000001,2.301,3.464,4.978,0.155,0.183,1496.0,57294.0,1.268,0.033,1903.0,0.042,12.154000000000002,0.08199999999999999,people tested,88.89,45195777.0,16.177,31.9,11.198,7.441,18933.907,0.6,191.032,5.5,16.2,27.7,,5.0,76.67,0.825
ARG,South America,Argentina,2020-05-03,4668.0,149.0,128.714,237.0,12.0,7.428999999999999,103.28399999999999,3.2969999999999997,2.8480000000000003,5.244,0.266,0.16399999999999998,1320.0,58614.0,1.297,0.028999999999999998,1890.0,0.042,14.684,0.068,people tested,88.89,45195777.0,16.177,31.9,11.198,7.441,18933.907,0.6,191.032,5.5,16.2,27.7,,5.0,76.67,0.825
ARG,South America,Argentina,2020-05-04,4770.0,102.0,143.286,246.0,9.0,8.571,105.541,2.2569999999999997,3.17,5.443,0.19899999999999998,0.19,1873.0,60487.0,1.338,0.040999999999999995,1903.0,0.042,13.281,0.075,people tested,88.89,45195777.0,16.177,31.9,11.198,7.441,18933.907,0.6,191.032,5.5,16.2,27.7,,5.0,76.67,0.825
ARG,South America,Argentina,2020-05-05,4874.0,104.0,126.286,260.0,14.0,9.0,107.84200000000001,2.301,2.7939999999999996,5.752999999999999,0.31,0.19899999999999998,2341.0,62828.0,1.39,0.052000000000000005,1937.0,0.043,15.338,0.065,people tested,88.89,45195777.0,16.177,31.9,11.198,7.441,18933.907,0.6,191.032,5.5,16.2,27.7,,5.0,76.67,0.825
ARG,South America,Argentina,2020-05-06,5007.0,133.0,127.571,264.0,4.0,8.142999999999999,110.785,2.943,2.823,5.841,0.08900000000000001,0.18,2160.0,64988.0,1.4380000000000002,0.048,1905.0,0.042,14.933,0.067,people tested,88.89,45195777.0,16.177,31.9,11.198,7.441,18933.907,0.6,191.032,5.5,16.2,27.7,,5.0,76.67,0.825
ARG,South America,Argentina,2020-05-07,5195.0,188.0,131.857,273.0,9.0,8.429,114.944,4.16,2.917,6.04,0.19899999999999998,0.18600000000000003,2269.0,67257.0,1.4880000000000002,0.05,1918.0,0.042,14.546,0.069,people tested,88.89,45195777.0,16.177,31.9,11.198,7.441,18933.907,0.6,191.032,5.5,16.2,27.7,,5.0,76.67,0.825
ARG,South America,Argentina,2020-05-08,5358.0,163.0,134.714,282.0,9.0,9.142999999999999,118.551,3.6069999999999998,2.9810000000000003,6.24,0.19899999999999998,0.20199999999999999,2070.0,69327.0,1.534,0.046,1933.0,0.043,14.349,0.07,people tested,88.89,45195777.0,16.177,31.9,11.198,7.441,18933.907,0.6,191.032,5.5,16.2,27.7,,5.0,76.67,0.825
ARG,South America,Argentina,2020-05-09,5598.0,240.0,154.143,293.0,11.0,9.714,123.861,5.31,3.411,6.483,0.243,0.215,1938.0,71265.0,1.577,0.043,1996.0,0.044000000000000004,12.949000000000002,0.077,people tested,88.89,45195777.0,16.177,31.9,11.198,7.441,18933.907,0.6,191.032,5.5,16.2,27.7,,5.0,76.67,0.825
ARG,South America,Argentina,2020-05-10,5763.0,165.0,156.429,300.0,7.0,9.0,127.512,3.6510000000000002,3.4610000000000003,6.638,0.155,0.19899999999999998,1427.0,72692.0,1.608,0.032,2011.0,0.044000000000000004,12.856,0.078,people tested,88.89,45195777.0,16.177,31.9,11.198,7.441,18933.907,0.6,191.032,5.5,16.2,27.7,,5.0,76.67,0.825
ARG,South America,Argentina,2020-05-11,5776.0,13.0,143.714,300.0,0.0,7.7139999999999995,127.8,0.28800000000000003,3.18,6.638,0.0,0.171,2352.0,75044.0,1.66,0.052000000000000005,2080.0,0.046,14.473,0.069,people tested,94.44,45195777.0,16.177,31.9,11.198,7.441,18933.907,0.6,191.032,5.5,16.2,27.7,,5.0,76.67,0.825
ARG,South America,Argentina,2020-05-12,6021.0,245.0,163.857,305.0,5.0,6.428999999999999,133.22,5.421,3.625,6.747999999999999,0.111,0.142,2440.0,77484.0,1.714,0.054000000000000006,2094.0,0.046,12.779000000000002,0.078,people tested,90.74,45195777.0,16.177,31.9,11.198,7.441,18933.907,0.6,191.032,5.5,16.2,27.7,,5.0,76.67,0.825
ARG,South America,Argentina,2020-05-13,6550.0,529.0,220.429,319.0,14.0,7.857,144.925,11.705,4.877,7.058,0.31,0.174,2732.0,80216.0,1.775,0.06,2175.0,0.048,9.867,0.101,people tested,90.74,45195777.0,16.177,31.9,11.198,7.441,18933.907,0.6,191.032,5.5,16.2,27.7,,5.0,76.67,0.825
ARG,South America,Argentina,2020-05-14,6866.0,316.0,238.71400000000003,329.0,10.0,8.0,151.917,6.992000000000001,5.282,7.279,0.221,0.177,2528.0,82744.0,1.831,0.055999999999999994,2212.0,0.049,9.266,0.108,people tested,90.74,45195777.0,16.177,31.9,11.198,7.441,18933.907,0.6,191.032,5.5,16.2,27.7,,5.0,76.67,0.825
ARG,South America,Argentina,2020-05-15,7121.0,255.0,251.857,353.0,24.0,10.142999999999999,157.559,5.642,5.5729999999999995,7.81,0.531,0.22399999999999998,2800.0,85544.0,1.893,0.062,2317.0,0.051,9.2,0.109,people tested,90.74,45195777.0,16.177,31.9,11.198,7.441,18933.907,0.6,191.032,5.5,16.2,27.7,,5.0,76.67,0.825
ARG,South America,Argentina,2020-05-16,7466.0,345.0,266.857,356.0,3.0,9.0,165.192,7.632999999999999,5.904,7.877000000000001,0.066,0.19899999999999998,2439.0,87983.0,1.9469999999999998,0.054000000000000006,2388.0,0.053,8.949,0.112,people tested,90.74,45195777.0,16.177,31.9,11.198,7.441,18933.907,0.6,191.032,5.5,16.2,27.7,,5.0,76.67,0.825
ARG,South America,Argentina,2020-05-17,7792.0,326.0,289.857,363.0,7.0,9.0,172.405,7.212999999999999,6.412999999999999,8.032,0.155,0.19899999999999998,1806.0,89789.0,1.9869999999999999,0.04,2442.0,0.054000000000000006,8.425,0.119,people tested,90.74,45195777.0,16.177,31.9,11.198,7.441,18933.907,0.6,191.032,5.5,16.2,27.7,,5.0,76.67,0.825
ARG,South America,Argentina,2020-05-18,7792.0,0.0,288.0,366.0,3.0,9.429,172.405,0.0,6.372000000000001,8.097999999999999,0.066,0.209,2768.0,92557.0,2.048,0.061,2502.0,0.055,8.687999999999999,0.115,people tested,90.74,45195777.0,16.177,31.9,11.198,7.441,18933.907,0.6,191.032,5.5,16.2,27.7,,5.0,76.67,0.825
ARG,South America,Argentina,2020-05-19,8358.0,566.0,333.85699999999997,382.0,16.0,11.0,184.929,12.523,7.3870000000000005,8.452,0.354,0.243,3776.0,96333.0,2.131,0.084,2693.0,0.06,8.066,0.124,people tested,90.74,45195777.0,16.177,31.9,11.198,7.441,18933.907,0.6,191.032,5.5,16.2,27.7,,5.0,76.67,0.825
ARG,South America,Argentina,2020-05-20,8796.0,438.0,320.857,393.0,11.0,10.571,194.62,9.691,7.099,8.696,0.243,0.23399999999999999,3652.0,99985.0,2.2119999999999997,0.081,2824.0,0.062,8.801,0.114,people tested,90.74,45195777.0,16.177,31.9,11.198,7.441,18933.907,0.6,191.032,5.5,16.2,27.7,,5.0,76.67,0.825
ARG,South America,Argentina,2020-05-21,9270.0,474.0,343.42900000000003,403.0,10.0,10.571,205.108,10.488,7.599,8.917,0.221,0.23399999999999999,3898.0,103883.0,2.299,0.086,3020.0,0.067,8.794,0.114,people tested,90.74,45195777.0,16.177,31.9,11.198,7.441,18933.907,0.6,191.032,5.5,16.2,27.7,,5.0,76.67,0.825
ARG,South America,Argentina,2020-05-22,9918.0,648.0,399.57099999999997,416.0,13.0,9.0,219.445,14.338,8.841000000000001,9.204,0.28800000000000003,0.19899999999999998,3969.0,107852.0,2.386,0.08800000000000001,3187.0,0.071,7.976,0.125,people tested,90.74,45195777.0,16.177,31.9,11.198,7.441,18933.907,0.6,191.032,5.5,16.2,27.7,,5.0,76.67,0.825
ARG,South America,Argentina,2020-05-23,10636.0,718.0,452.85699999999997,433.0,17.0,11.0,235.332,15.886,10.02,9.581,0.376,0.243,2974.0,110826.0,2.452,0.066,3263.0,0.07200000000000001,7.205,0.139,people tested,90.74,45195777.0,16.177,31.9,11.198,7.441,18933.907,0.6,191.032,5.5,16.2,27.7,,5.0,76.67,0.825
ARG,South America,Argentina,2020-05-24,11340.0,704.0,506.85699999999997,445.0,12.0,11.714,250.908,15.577,11.215,9.846,0.266,0.259,2424.0,113250.0,2.506,0.054000000000000006,3352.0,0.07400000000000001,6.613,0.151,people tested,90.74,45195777.0,16.177,31.9,11.198,7.441,18933.907,0.6,191.032,5.5,16.2,27.7,,5.0,76.67,0.825
ARG,South America,Argentina,2020-05-25,12063.0,723.0,610.143,452.0,7.0,12.286,266.905,15.997,13.5,10.001,0.155,0.272,2944.0,116194.0,2.571,0.065,3377.0,0.075,5.535,0.181,people tested,90.74,45195777.0,16.177,31.9,11.198,7.441,18933.907,0.6,191.032,5.5,16.2,27.7,,5.0,76.67,0.825
ARG,South America,Argentina,2020-05-26,12615.0,552.0,608.143,467.0,15.0,12.142999999999999,279.119,12.214,13.456,10.333,0.332,0.26899999999999996,3390.0,119584.0,2.6460000000000004,0.075,3322.0,0.07400000000000001,5.462999999999999,0.183,people tested,90.74,45195777.0,16.177,31.9,11.198,7.441,18933.907,0.6,191.032,5.5,16.2,27.7,,5.0,76.67,0.825
ARG,South America,Argentina,2020-05-27,13215.0,600.0,631.286,484.0,17.0,13.0,292.395,13.276,13.968,10.709000000000001,0.376,0.28800000000000003,3959.0,123543.0,2.734,0.08800000000000001,3365.0,0.07400000000000001,5.33,0.188,people tested,90.74,45195777.0,16.177,31.9,11.198,7.441,18933.907,0.6,191.032,5.5,16.2,27.7,,5.0,76.67,0.825
ARG,South America,Argentina,2020-05-28,13920.0,705.0,664.2860000000001,500.0,16.0,13.857000000000001,307.993,15.599,14.698,11.062999999999999,0.354,0.307,4140.0,127683.0,2.825,0.092,3400.0,0.075,5.118,0.195,people tested,90.74,45195777.0,16.177,31.9,11.198,7.441,18933.907,0.6,191.032,5.5,16.2,27.7,,5.0,76.67,0.825
ARG,South America,Argentina,2020-05-29,14689.0,769.0,681.571,508.0,8.0,13.142999999999999,325.008,17.015,15.08,11.24,0.177,0.29100000000000004,4478.0,132161.0,2.924,0.099,3473.0,0.077,5.096,0.196,people tested,90.74,45195777.0,16.177,31.9,11.198,7.441,18933.907,0.6,191.032,5.5,16.2,27.7,,5.0,76.67,0.825
ARG,South America,Argentina,2020-05-30,15406.0,717.0,681.429,520.0,12.0,12.429,340.87300000000005,15.864,15.077,11.505,0.266,0.275,3502.0,135663.0,3.002,0.077,3548.0,0.079,5.207000000000002,0.192,people tested,90.74,45195777.0,16.177,31.9,11.198,7.441,18933.907,0.6,191.032,5.5,16.2,27.7,,5.0,76.67,0.825
ARG,South America,Argentina,2020-05-31,16201.0,795.0,694.429,528.0,8.0,11.857000000000001,358.463,17.59,15.365,11.683,0.177,0.262,2532.0,138195.0,3.0580000000000003,0.055999999999999994,3564.0,0.079,5.1320000000000014,0.195,people tested,90.74,45195777.0,16.177,31.9,11.198,7.441,18933.907,0.6,191.032,5.5,16.2,27.7,,5.0,76.67,0.825
ARG,South America,Argentina,2020-06-01,16838.0,637.0,682.143,539.0,11.0,12.429,372.55699999999996,14.094000000000001,15.093,11.925999999999998,0.243,0.275,3561.0,141756.0,3.136,0.079,3652.0,0.081,5.354,0.187,people tested,90.74,45195777.0,16.177,31.9,11.198,7.441,18933.907,0.6,191.032,5.5,16.2,27.7,,5.0,76.67,0.825
ARG,South America,Argentina,2020-06-02,17402.0,564.0,683.857,556.0,17.0,12.714,385.036,12.479000000000001,15.130999999999998,12.302,0.376,0.281,3996.0,145752.0,3.225,0.08800000000000001,3738.0,0.083,5.466,0.183,people tested,90.74,45195777.0,16.177,31.9,11.198,7.441,18933.907,0.6,191.032,5.5,16.2,27.7,,5.0,76.67,0.825
ARG,South America,Argentina,2020-06-03,18306.0,904.0,727.2860000000001,569.0,13.0,12.142999999999999,405.038,20.002,16.092,12.59,0.28800000000000003,0.26899999999999996,4535.0,150287.0,3.325,0.1,3821.0,0.085,5.254,0.19,people tested,90.74,45195777.0,16.177,31.9,11.198,7.441,18933.907,0.6,191.032,5.5,16.2,27.7,,5.0,76.67,0.825
ARG,South America,Argentina,2020-06-04,19255.0,949.0,762.143,583.0,14.0,11.857000000000001,426.035,20.998,16.863,12.899000000000001,0.31,0.262,4149.0,154436.0,3.417,0.092,3822.0,0.085,5.015,0.199,people tested,90.74,45195777.0,16.177,31.9,11.198,7.441,18933.907,0.6,191.032,5.5,16.2,27.7,,5.0,76.67,0.825
ARG,South America,Argentina,2020-06-05,19255.0,0.0,652.286,588.0,5.0,11.429,426.035,0.0,14.432,13.01,0.111,0.253,4520.0,158956.0,3.517,0.1,3828.0,0.085,5.869,0.17,people tested,88.89,45195777.0,16.177,31.9,11.198,7.441,18933.907,0.6,191.032,5.5,16.2,27.7,,5.0,76.67,0.825
ARG,South America,Argentina,2020-06-06,21024.0,1769.0,802.571,632.0,44.0,16.0,465.176,39.141,17.758,13.984000000000002,0.9740000000000001,0.354,4239.0,163195.0,3.611,0.094,3933.0,0.087,4.9,0.204,people tested,88.89,45195777.0,16.177,31.9,11.198,7.441,18933.907,0.6,191.032,5.5,16.2,27.7,,5.0,76.67,0.825
ARG,South America,Argentina,2020-06-07,22007.0,983.0,829.429,648.0,16.0,17.143,486.926,21.75,18.352,14.338,0.354,0.379,2411.0,165606.0,3.6639999999999997,0.053,3916.0,0.087,4.721,0.212,people tested,88.89,45195777.0,16.177,31.9,11.198,7.441,18933.907,0.6,191.032,5.5,16.2,27.7,,5.0,76.67,0.825
ARG,South America,Argentina,2020-06-08,22781.0,774.0,849.0,664.0,16.0,17.857,504.05199999999996,17.125,18.785,14.692,0.354,0.395,4277.0,169883.0,3.759,0.095,4018.0,0.08900000000000001,4.7330000000000005,0.211,people tested,88.89,45195777.0,16.177,31.9,11.198,7.441,18933.907,0.6,191.032,5.5,16.2,27.7,,5.0,76.67,0.825
ARG,South America,Argentina,2020-06-09,23607.0,826.0,886.429,693.0,29.0,19.570999999999998,522.328,18.276,19.613,15.333,0.642,0.433,4850.0,174733.0,3.866,0.107,4140.0,0.092,4.67,0.214,people tested,88.89,45195777.0,16.177,31.9,11.198,7.441,18933.907,0.6,191.032,5.5,16.2,27.7,,5.0,76.67,0.825
ARG,South America,Argentina,2020-06-10,24748.0,1141.0,920.2860000000001,717.0,24.0,21.143,547.573,25.246,20.362000000000002,15.864,0.531,0.46799999999999997,5159.0,179892.0,3.98,0.114,4229.0,0.094,4.595,0.218,people tested,88.89,45195777.0,16.177,31.9,11.198,7.441,18933.907,0.6,191.032,5.5,16.2,27.7,,5.0,76.67,0.825
ARG,South America,Argentina,2020-06-11,25987.0,1239.0,961.7139999999999,735.0,18.0,21.714000000000002,574.987,27.414,21.279,16.262999999999998,0.39799999999999996,0.48,5497.0,185389.0,4.102,0.122,4422.0,0.098,4.598,0.217,people tested,88.89,45195777.0,16.177,31.9,11.198,7.441,18933.907,0.6,191.032,5.5,16.2,27.7,,5.0,76.67,0.825
ARG,South America,Argentina,2020-06-12,27360.0,1373.0,1157.857,765.0,30.0,25.285999999999998,605.366,30.379,25.619,16.926,0.664,0.5589999999999999,6143.0,191532.0,4.238,0.136,4654.0,0.10300000000000001,4.019,0.249,people tested,88.89,45195777.0,16.177,31.9,11.198,7.441,18933.907,0.6,191.032,5.5,16.2,27.7,,5.0,76.67,0.825
ARG,South America,Argentina,2020-06-13,28751.0,1391.0,1103.857,785.0,20.0,21.857,636.144,30.776999999999997,24.424,17.369,0.44299999999999995,0.484,5584.0,197116.0,4.361000000000001,0.124,4846.0,0.107,4.39,0.228,people tested,88.89,45195777.0,16.177,31.9,11.198,7.441,18933.907,0.6,191.032,5.5,16.2,27.7,,5.0,76.67,0.825
ARG,South America,Argentina,2020-06-14,30282.0,1531.0,1182.143,815.0,30.0,23.857,670.018,33.875,26.156,18.033,0.664,0.528,3693.0,200809.0,4.4430000000000005,0.08199999999999999,5029.0,0.111,4.254,0.235,people tested,88.89,45195777.0,16.177,31.9,11.198,7.441,18933.907,0.6,191.032,5.5,16.2,27.7,,5.0,76.67,0.825
ARG,South America,Argentina,2020-06-15,31564.0,1282.0,1254.714,833.0,18.0,24.143,698.3839999999999,28.365,27.761999999999997,18.430999999999997,0.39799999999999996,0.534,4134.0,204943.0,4.535,0.091,5009.0,0.111,3.992,0.25,people tested,88.89,45195777.0,16.177,31.9,11.198,7.441,18933.907,0.6,191.032,5.5,16.2,27.7,,5.0,76.67,0.825
ARG,South America,Argentina,2020-06-16,32772.0,1208.0,1309.286,854.0,21.0,23.0,725.112,26.728,28.969,18.896,0.465,0.509,5310.0,210253.0,4.652,0.11699999999999999,5074.0,0.11199999999999999,3.875,0.258,people tested,88.89,45195777.0,16.177,31.9,11.198,7.441,18933.907,0.6,191.032,5.5,16.2,27.7,,5.0,76.67,0.825
ARG,South America,Argentina,2020-06-17,34146.0,1374.0,1342.5710000000001,878.0,24.0,23.0,755.513,30.401,29.706,19.427,0.531,0.509,6524.0,216777.0,4.796,0.14400000000000002,5269.0,0.11699999999999999,3.925,0.255,people tested,88.89,45195777.0,16.177,31.9,11.198,7.441,18933.907,0.6,191.032,5.5,16.2,27.7,,5.0,76.67,0.825
ARG,South America,Argentina,2020-06-18,35539.0,1393.0,1364.5710000000001,913.0,35.0,25.429000000000002,786.335,30.820999999999998,30.191999999999997,20.201,0.774,0.563,6937.0,223714.0,4.95,0.153,5475.0,0.121,4.012,0.249,people tested,88.89,45195777.0,16.177,31.9,11.198,7.441,18933.907,0.6,191.032,5.5,16.2,27.7,,5.0,76.67,0.825
ARG,South America,Argentina,2020-06-19,35539.0,0.0,1168.4289999999999,929.0,16.0,23.429000000000002,786.335,0.0,25.853,20.555,0.354,0.518,7066.0,230780.0,5.106,0.156,5607.0,0.124,4.799,0.208,people tested,88.89,45195777.0,16.177,31.9,11.198,7.441,18933.907,0.6,191.032,5.5,16.2,27.7,,5.0,76.67,0.825
ARG,South America,Argentina,2020-06-20,39557.0,4018.0,1543.714,979.0,50.0,27.714000000000002,875.237,88.902,34.156,21.660999999999998,1.1059999999999999,0.613,7050.0,237830.0,5.2620000000000005,0.156,5816.0,0.129,3.768,0.265,people tested,88.89,45195777.0,16.177,31.9,11.198,7.441,18933.907,0.6,191.032,5.5,16.2,27.7,,5.0,76.67,0.825
ARG,South America,Argentina,2020-06-21,41191.0,1634.0,1558.4289999999999,992.0,13.0,25.285999999999998,911.39,36.154,34.482,21.949,0.28800000000000003,0.5589999999999999,4396.0,242226.0,5.359,0.09699999999999999,5917.0,0.131,3.797,0.263,people tested,88.89,45195777.0,16.177,31.9,11.198,7.441,18933.907,0.6,191.032,5.5,16.2,27.7,,5.0,76.67,0.825
ARG,South America,Argentina,2020-06-22,42772.0,1581.0,1601.1429999999998,1011.0,19.0,25.429000000000002,946.372,34.981,35.427,22.369,0.42,0.563,6560.0,248786.0,5.505,0.145,6263.0,0.139,3.912,0.256,people tested,88.89,45195777.0,16.177,31.9,11.198,7.441,18933.907,0.6,191.032,5.5,16.2,27.7,,5.0,76.67,0.825
ARG,South America,Argentina,2020-06-23,44918.0,2146.0,1735.1429999999998,1043.0,32.0,27.0,993.8539999999999,47.482,38.391999999999996,23.076999999999998,0.708,0.597,7974.0,256760.0,5.681,0.17600000000000002,6644.0,0.147,3.829,0.261,people tested,88.89,45195777.0,16.177,31.9,11.198,7.441,18933.907,0.6,191.032,5.5,16.2,27.7,,5.0,76.67,0.825
ARG,South America,Argentina,2020-06-24,44918.0,0.0,1538.8570000000002,1049.0,6.0,24.429000000000002,993.8539999999999,0.0,34.049,23.21,0.133,0.541,7780.0,264540.0,5.853,0.172,6823.0,0.151,4.434,0.226,people tested,88.89,45195777.0,16.177,31.9,11.198,7.441,18933.907,0.6,191.032,5.5,16.2,27.7,,5.0,76.67,0.825
ARG,South America,Argentina,2020-06-25,49838.0,4920.0,2042.714,1085.0,36.0,24.570999999999998,1102.714,108.86,45.196999999999996,24.006999999999998,0.797,0.544,8445.0,272985.0,6.04,0.187,7039.0,0.156,3.446,0.29,people tested,88.89,45195777.0,16.177,31.9,11.198,7.441,18933.907,0.6,191.032,5.5,16.2,27.7,,5.0,76.67,0.825
ARG,South America,Argentina,2020-06-26,52444.0,2606.0,2415.0,1124.0,39.0,27.857,1160.374,57.66,53.434,24.87,0.863,0.616,8753.0,281738.0,6.234,0.19399999999999998,7280.0,0.161,3.014,0.332,people tested,88.89,45195777.0,16.177,31.9,11.198,7.441,18933.907,0.6,191.032,5.5,16.2,27.7,,5.0,76.67,0.825
ARG,South America,Argentina,2020-06-27,52444.0,0.0,1841.0,1167.0,43.0,26.857,1160.374,0.0,40.734,25.820999999999998,0.951,0.594,7259.0,288997.0,6.394,0.161,7310.0,0.162,3.971,0.252,people tested,88.89,45195777.0,16.177,31.9,11.198,7.441,18933.907,0.6,191.032,5.5,16.2,27.7,,5.0,76.67,0.825
ARG,South America,Argentina,2020-06-28,57731.0,5287.0,2362.857,1207.0,40.0,30.714000000000002,1277.354,116.98,52.28,26.706,0.885,0.68,4698.0,293695.0,6.497999999999999,0.10400000000000001,7353.0,0.163,3.112,0.321,people tested,88.89,45195777.0,16.177,31.9,11.198,7.441,18933.907,0.6,191.032,5.5,16.2,27.7,,5.0,76.67,0.825
ARG,South America,Argentina,2020-06-29,57731.0,0.0,2137.0,1217.0,10.0,29.429000000000002,1277.354,0.0,47.283,26.927,0.221,0.6509999999999999,7136.0,300831.0,6.656000000000001,0.158,7435.0,0.165,3.479,0.287,people tested,88.89,45195777.0,16.177,31.9,11.198,7.441,18933.907,0.6,191.032,5.5,16.2,27.7,,5.0,76.67,0.825
ARG,South America,Argentina,2020-06-30,62255.0,4524.0,2476.714,1280.0,63.0,33.857,1377.4520000000002,100.098,54.8,28.320999999999998,1.3940000000000001,0.7490000000000001,7787.0,308618.0,6.827999999999999,0.172,7408.0,0.16399999999999998,2.991,0.334,people tested,88.89,45195777.0,16.177,31.9,11.198,7.441,18933.907,0.6,191.032,5.5,16.2,27.7,,5.0,76.67,0.825
ARG,South America,Argentina,2020-07-01,64517.0,2262.0,2799.857,1307.0,27.0,36.857,1427.501,50.049,61.95,28.919,0.597,0.815,7844.0,316462.0,7.002000000000001,0.174,7417.0,0.16399999999999998,2.649,0.377,people tested,92.59,45195777.0,16.177,31.9,11.198,7.441,18933.907,0.6,191.032,5.5,16.2,27.7,,5.0,76.67,0.825
ARG,South America,Argentina,2020-07-02,67184.0,2667.0,2478.0,1351.0,44.0,38.0,1486.511,59.01,54.828,29.892,0.9740000000000001,0.841,7816.0,324278.0,7.175,0.17300000000000001,7328.0,0.162,2.957,0.338,people tested,81.48,45195777.0,16.177,31.9,11.198,7.441,18933.907,0.6,191.032,5.5,16.2,27.7,,5.0,76.67,0.825
ARG,South America,Argentina,2020-07-03,69928.0,2744.0,2497.714,1385.0,34.0,37.286,1547.224,60.714,55.263999999999996,30.644000000000002,0.752,0.825,8693.0,332971.0,7.367000000000001,0.192,7319.0,0.162,2.93,0.341,people tested,92.59,45195777.0,16.177,31.9,11.198,7.441,18933.907,0.6,191.032,5.5,16.2,27.7,,5.0,76.67,0.825
ARG,South America,Argentina,2020-07-04,72773.0,2845.0,2904.143,1437.0,52.0,38.571,1610.1729999999998,62.948,64.257,31.795,1.151,0.853,8515.0,341486.0,7.556,0.188,7498.0,0.166,2.582,0.387,people tested,92.59,45195777.0,16.177,31.9,11.198,7.441,18933.907,0.6,191.032,5.5,16.2,27.7,,5.0,76.67,0.825
ARG,South America,Argentina,2020-07-05,72773.0,0.0,2148.857,1453.0,16.0,35.143,1610.1729999999998,0.0,47.54600000000001,32.149,0.354,0.778,5181.0,346667.0,7.67,0.115,7567.0,0.16699999999999998,3.5210000000000004,0.284,people tested,92.59,45195777.0,16.177,31.9,11.198,7.441,18933.907,0.6,191.032,5.5,16.2,27.7,,5.0,76.67,0.825
ARG,South America,Argentina,2020-07-06,75363.0,2590.0,2518.857,1490.0,37.0,39.0,1667.479,57.306000000000004,55.732,32.968,0.8190000000000001,0.863,7548.0,354215.0,7.837000000000001,0.16699999999999998,7626.0,0.16899999999999998,3.028,0.33,people tested,92.59,45195777.0,16.177,31.9,11.198,7.441,18933.907,0.6,191.032,5.5,16.2,27.7,,5.0,76.67,0.825
ARG,South America,Argentina,2020-07-07,77802.0,2439.0,2221.0,1523.0,33.0,34.714,1721.444,53.965,49.141999999999996,33.698,0.73,0.768,8875.0,363090.0,8.033999999999999,0.196,7782.0,0.172,3.504,0.285,people tested,92.59,45195777.0,16.177,31.9,11.198,7.441,18933.907,0.6,191.032,5.5,16.2,27.7,,5.0,76.67,0.825
ARG,South America,Argentina,2020-07-08,80434.0,2632.0,2273.857,1602.0,79.0,42.143,1779.68,58.236000000000004,50.31100000000001,35.446,1.7480000000000002,0.932,10435.0,373525.0,8.265,0.231,8152.0,0.18,3.585,0.279,people tested,92.59,45195777.0,16.177,31.9,11.198,7.441,18933.907,0.6,191.032,5.5,16.2,27.7,,5.0,76.67,0.825
ARG,South America,Argentina,2020-07-09,83413.0,2979.0,2318.429,1654.0,52.0,43.286,1845.5929999999998,65.913,51.297,36.596,1.151,0.958,9621.0,383146.0,8.477,0.213,8410.0,0.18600000000000003,3.627,0.276,people tested,92.59,45195777.0,16.177,31.9,11.198,7.441,18933.907,0.6,191.032,5.5,16.2,27.7,,5.0,76.67,0.825
ARG,South America,Argentina,2020-07-10,87017.0,3604.0,2441.286,1707.0,53.0,46.0,1925.335,79.742,54.016000000000005,37.769,1.173,1.018,8765.0,391911.0,8.671,0.19399999999999998,8420.0,0.18600000000000003,3.449,0.29,people tested,92.59,45195777.0,16.177,31.9,11.198,7.441,18933.907,0.6,191.032,5.5,16.2,27.7,,5.0,76.67,0.825
ARG,South America,Argentina,2020-07-11,90680.0,3663.0,2558.143,1749.0,42.0,44.571000000000005,2006.382,81.047,56.601000000000006,38.698,0.929,0.986,8348.0,400259.0,8.856,0.185,8396.0,0.18600000000000003,3.282,0.305,people tested,92.59,45195777.0,16.177,31.9,11.198,7.441,18933.907,0.6,191.032,5.5,16.2,27.7,,5.0,76.67,0.825
ARG,South America,Argentina,2020-07-12,94047.0,3367.0,3039.143,1810.0,61.0,51.0,2080.88,74.498,67.244,40.048,1.35,1.128,5607.0,405866.0,8.98,0.124,8457.0,0.187,2.783,0.359,people tested,92.59,45195777.0,16.177,31.9,11.198,7.441,18933.907,0.6,191.032,5.5,16.2,27.7,,5.0,76.67,0.825
ARG,South America,Argentina,2020-07-13,97496.0,3449.0,3161.857,1818.0,8.0,46.857,2157.1929999999998,76.312,69.959,40.225,0.177,1.037,8749.0,414615.0,9.174,0.19399999999999998,8629.0,0.191,2.729,0.366,people tested,92.59,45195777.0,16.177,31.9,11.198,7.441,18933.907,0.6,191.032,5.5,16.2,27.7,,5.0,76.67,0.825
ARG,South America,Argentina,2020-07-14,100153.0,2657.0,3193.0,1903.0,85.0,54.286,2215.981,58.788999999999994,70.648,42.106,1.881,1.2009999999999998,10656.0,425271.0,9.41,0.23600000000000002,8883.0,0.19699999999999998,2.782,0.359,people tested,92.59,45195777.0,16.177,31.9,11.198,7.441,18933.907,0.6,191.032,5.5,16.2,27.7,,5.0,76.67,0.825
ARG,South America,Argentina,2020-07-15,103252.0,3099.0,3259.7140000000004,1926.0,23.0,46.286,2284.55,68.568,72.124,42.615,0.509,1.024,10917.0,436188.0,9.651,0.242,8952.0,0.198,2.7460000000000004,0.364,people tested,92.59,45195777.0,16.177,31.9,11.198,7.441,18933.907,0.6,191.032,5.5,16.2,27.7,,5.0,76.67,0.825
ARG,South America,Argentina,2020-07-16,106897.0,3645.0,3354.857,2050.0,124.0,56.571000000000005,2365.199,80.649,74.229,45.358000000000004,2.7439999999999998,1.252,10849.0,447037.0,9.891,0.24,9127.0,0.20199999999999999,2.721,0.368,people tested,92.59,45195777.0,16.177,31.9,11.198,7.441,18933.907,0.6,191.032,5.5,16.2,27.7,,5.0,76.67,0.825
ARG,South America,Argentina,2020-07-17,111147.0,4250.0,3447.143,2112.0,62.0,57.857,2459.234,94.035,76.271,46.73,1.3719999999999999,1.28,12082.0,459119.0,10.158,0.267,9601.0,0.212,2.785,0.359,people tested,92.59,45195777.0,16.177,31.9,11.198,7.441,18933.907,0.6,191.032,5.5,16.2,27.7,,5.0,76.67,0.825
ARG,South America,Argentina,2020-07-18,114770.0,3623.0,3441.429,2133.0,21.0,54.857,2539.397,80.16199999999999,76.145,47.195,0.465,1.214,10515.0,469634.0,10.390999999999998,0.233,9911.0,0.21899999999999997,2.88,0.34700000000000003,people tested,92.59,45195777.0,16.177,31.9,11.198,7.441,18933.907,0.6,191.032,5.5,16.2,27.7,,5.0,76.67,0.825
ARG,South America,Argentina,2020-07-19,119288.0,4518.0,3605.857,2204.0,71.0,56.286,2639.362,99.965,79.783,48.766000000000005,1.571,1.245,7273.0,476907.0,10.552,0.161,10149.0,0.225,2.815,0.355,people tested,92.59,45195777.0,16.177,31.9,11.198,7.441,18933.907,0.6,191.032,5.5,16.2,27.7,,5.0,76.67,0.825
ARG,South America,Argentina,2020-07-20,122511.0,3223.0,3573.571,2246.0,42.0,61.143,2710.6740000000004,71.312,79.069,49.695,0.929,1.3530000000000002,11009.0,487916.0,10.796,0.244,10472.0,0.23199999999999998,2.93,0.341,people tested,90.74,45195777.0,16.177,31.9,11.198,7.441,18933.907,0.6,191.032,5.5,16.2,27.7,,5.0,76.67,0.825
ARG,South America,Argentina,2020-07-21,126742.0,4231.0,3798.429,2373.0,127.0,67.143,2804.289,93.615,84.044,52.505,2.81,1.486,12734.0,500650.0,11.077,0.282,10768.0,0.23800000000000002,2.835,0.353,people tested,90.74,45195777.0,16.177,31.9,11.198,7.441,18933.907,0.6,191.032,5.5,16.2,27.7,,5.0,76.67,0.825
ARG,South America,Argentina,2020-07-22,130761.0,4019.0,3929.857,2373.0,0.0,63.857,2893.2129999999997,88.92399999999999,86.95200000000001,52.505,0.0,1.413,13726.0,514376.0,11.380999999999998,0.304,11170.0,0.247,2.842,0.35200000000000004,people tested,90.74,45195777.0,16.177,31.9,11.198,7.441,18933.907,0.6,191.032,5.5,16.2,27.7,,5.0,76.67,0.825
ARG,South America,Argentina,2020-07-23,136105.0,5344.0,4172.571,2506.0,133.0,65.143,3011.454,118.241,92.322,55.448,2.943,1.4409999999999998,13516.0,527892.0,11.68,0.299,11551.0,0.256,2.768,0.361,people tested,90.74,45195777.0,16.177,31.9,11.198,7.441,18933.907,0.6,191.032,5.5,16.2,27.7,,5.0,76.67,0.825
ARG,South America,Argentina,2020-07-24,141887.0,5782.0,4391.429,2617.0,111.0,72.143,3139.386,127.932,97.165,57.903999999999996,2.456,1.5959999999999999,14252.0,542144.0,11.995,0.315,11861.0,0.262,2.701,0.37,people tested,90.74,45195777.0,16.177,31.9,11.198,7.441,18933.907,0.6,191.032,5.5,16.2,27.7,,5.0,76.67,0.825
ARG,South America,Argentina,2020-07-25,148014.0,6127.0,4749.143,2722.0,105.0,84.14299999999999,3274.952,135.566,105.079,60.227,2.323,1.8619999999999999,11686.0,553830.0,12.254000000000001,0.259,12028.0,0.266,2.533,0.395,people tested,90.74,45195777.0,16.177,31.9,11.198,7.441,18933.907,0.6,191.032,5.5,16.2,27.7,,5.0,76.67,0.825
ARG,South America,Argentina,2020-07-26,153507.0,5493.0,4888.429,2847.0,125.0,91.85700000000001,3396.49,121.538,108.161,62.993,2.766,2.032,8011.0,561841.0,12.431,0.177,12133.0,0.268,2.482,0.403,people tested,90.74,45195777.0,16.177,31.9,11.198,7.441,18933.907,0.6,191.032,5.5,16.2,27.7,,5.0,76.67,0.825
ARG,South America,Argentina,2020-07-27,162513.0,9006.0,5714.571,2939.0,92.0,99.0,3595.756,199.266,126.44,65.028,2.036,2.19,12213.0,574054.0,12.700999999999999,0.27,12305.0,0.272,2.153,0.464,people tested,90.74,45195777.0,16.177,31.9,11.198,7.441,18933.907,0.6,191.032,5.5,16.2,27.7,,5.0,76.67,0.825
ARG,South America,Argentina,2020-07-28,162513.0,0.0,5110.143,2956.0,17.0,83.286,3595.756,0.0,113.06700000000001,65.404,0.376,1.8430000000000002,14765.0,588819.0,13.027999999999999,0.327,12596.0,0.27899999999999997,2.465,0.406,people tested,90.74,45195777.0,16.177,31.9,11.198,7.441,18933.907,0.6,191.032,5.5,16.2,27.7,,5.0,76.67,0.825
ARG,South America,Argentina,2020-07-29,167403.0,4890.0,5234.571,3082.0,126.0,101.286,3703.952,108.196,115.82,68.192,2.7880000000000003,2.241,15037.0,603856.0,13.360999999999999,0.33299999999999996,12783.0,0.28300000000000003,2.442,0.409,people tested,90.74,45195777.0,16.177,31.9,11.198,7.441,18933.907,0.6,191.032,5.5,16.2,27.7,,5.0,76.67,0.825
ARG,South America,Argentina,2020-07-30,173342.0,5939.0,5319.571,3200.0,118.0,99.14299999999999,3835.3579999999997,131.406,117.70100000000001,70.803,2.611,2.194,14750.0,618606.0,13.687000000000001,0.326,12959.0,0.287,2.436,0.41,people tested,90.74,45195777.0,16.177,31.9,11.198,7.441,18933.907,0.6,191.032,5.5,16.2,27.7,,5.0,76.67,0.825
ARG,South America,Argentina,2020-07-31,178983.0,5641.0,5299.429,3311.0,111.0,99.14299999999999,3960.171,124.81299999999999,117.255,73.259,2.456,2.194,15905.0,634511.0,14.039000000000001,0.35200000000000004,13195.0,0.292,2.49,0.402,people tested,90.74,45195777.0,16.177,31.9,11.198,7.441,18933.907,0.6,191.032,5.5,16.2,27.7,,5.0,76.67,0.825
ARG,South America,Argentina,2020-08-01,185360.0,6377.0,5335.143,3466.0,155.0,106.286,4101.268,141.097,118.045,76.689,3.43,2.352,12092.0,646603.0,14.307,0.268,13253.0,0.293,2.484,0.403,people tested,90.74,45195777.0,16.177,31.9,11.198,7.441,18933.907,0.6,191.032,5.5,16.2,27.7,,5.0,76.67,0.825
ARG,South America,Argentina,2020-08-02,191289.0,5929.0,5397.429,3558.0,92.0,101.571,4232.4529999999995,131.185,119.42299999999999,78.72399999999999,2.036,2.247,10547.0,657150.0,14.54,0.233,13616.0,0.301,2.523,0.396,people tested,90.74,45195777.0,16.177,31.9,11.198,7.441,18933.907,0.6,191.032,5.5,16.2,27.7,,5.0,76.67,0.825
ARG,South America,Argentina,2020-08-03,196530.0,5241.0,4859.571,3612.0,54.0,96.14299999999999,4348.415,115.962,107.523,79.919,1.195,2.127,13744.0,670894.0,14.844000000000001,0.304,13834.0,0.306,2.847,0.35100000000000003,people tested,88.89,45195777.0,16.177,31.9,11.198,7.441,18933.907,0.6,191.032,5.5,16.2,27.7,,5.0,76.67,0.825
ARG,South America,Argentina,2020-08-04,201906.0,5376.0,5627.571,3667.0,55.0,101.571,4467.3640000000005,118.949,124.515,81.13600000000001,1.217,2.247,16655.0,687549.0,15.213,0.369,14104.0,0.312,2.506,0.399,people tested,88.89,45195777.0,16.177,31.9,11.198,7.441,18933.907,0.6,191.032,5.5,16.2,27.7,,5.0,76.67,0.825
ARG,South America,Argentina,2020-08-05,206730.0,4824.0,5618.143,3863.0,196.0,111.571,4574.1,106.736,124.307,85.473,4.337,2.469,17628.0,705177.0,15.603,0.39,14474.0,0.32,2.576,0.388,people tested,88.89,45195777.0,16.177,31.9,11.198,7.441,18933.907,0.6,191.032,5.5,16.2,27.7,,5.0,76.67,0.825
ARG,South America,Argentina,2020-08-06,213522.0,6792.0,5740.0,4009.0,146.0,115.571,4724.379,150.28,127.00299999999999,88.70299999999999,3.23,2.557,17891.0,723068.0,15.999,0.396,14923.0,0.33,2.6,0.385,people tested,88.89,45195777.0,16.177,31.9,11.198,7.441,18933.907,0.6,191.032,5.5,16.2,27.7,,5.0,76.67,0.825
ARG,South America,Argentina,2020-08-07,220669.0,7147.0,5955.143,4135.0,126.0,117.714,4882.514,158.134,131.763,91.491,2.7880000000000003,2.605,18139.0,741207.0,16.4,0.401,15242.0,0.337,2.559,0.391,people tested,87.96,45195777.0,16.177,31.9,11.198,7.441,18933.907,0.6,191.032,5.5,16.2,27.7,,5.0,76.67,0.825
ARG,South America,Argentina,2020-08-08,228182.0,7513.0,6117.429,4291.0,156.0,117.85700000000001,5048.746,166.232,135.35399999999998,94.94200000000001,3.452,2.608,15366.0,756573.0,16.74,0.34,15710.0,0.348,2.568,0.389,people tested,87.96,45195777.0,16.177,31.9,11.198,7.441,18933.907,0.6,191.032,5.5,16.2,27.7,,5.0,76.67,0.825
ARG,South America,Argentina,2020-08-09,235664.0,7482.0,6339.286,4450.0,159.0,127.429,5214.292,165.546,140.263,98.461,3.5180000000000002,2.819,10055.0,766628.0,16.962,0.222,15640.0,0.34600000000000003,2.467,0.405,people tested,87.96,45195777.0,16.177,31.9,11.198,7.441,18933.907,0.6,191.032,5.5,16.2,27.7,,5.0,76.67,0.825
ARG,South America,Argentina,2020-08-10,241798.0,6134.0,6466.857,4556.0,106.0,134.857,5350.013000000001,135.721,143.085,100.806,2.345,2.984,16270.0,782898.0,17.322,0.36,16001.0,0.354,2.474,0.404,people tested,87.96,45195777.0,16.177,31.9,11.198,7.441,18933.907,0.6,191.032,5.5,16.2,27.7,,5.0,76.67,0.825
ARG,South America,Argentina,2020-08-11,246486.0,4688.0,6368.571,4634.0,78.0,138.143,5453.74,103.727,140.911,102.53200000000001,1.726,3.057,19279.0,802177.0,17.749000000000002,0.42700000000000005,16375.0,0.36200000000000004,2.571,0.389,people tested,87.96,45195777.0,16.177,31.9,11.198,7.441,18933.907,0.6,191.032,5.5,16.2,27.7,,5.0,76.67,0.825
ARG,South America,Argentina,2020-08-12,253855.0,7369.0,6732.143,4785.0,151.0,131.714,5616.786,163.046,148.955,105.87299999999999,3.341,2.9139999999999997,19119.0,821296.0,18.172,0.423,16588.0,0.36700000000000005,2.464,0.406,people tested,87.96,45195777.0,16.177,31.9,11.198,7.441,18933.907,0.6,191.032,5.5,16.2,27.7,,5.0,76.67,0.825
ARG,South America,Argentina,2020-08-13,260898.0,7043.0,6768.0,5088.0,303.0,154.143,5772.619000000001,155.833,149.749,112.57700000000001,6.704,3.411,18607.0,839903.0,18.584,0.41200000000000003,16691.0,0.369,2.466,0.405,people tested,87.96,45195777.0,16.177,31.9,11.198,7.441,18933.907,0.6,191.032,5.5,16.2,27.7,,5.0,76.67,0.825
ARG,South America,Argentina,2020-08-14,268561.0,7663.0,6841.714,5246.0,158.0,158.714,5942.17,169.551,151.38,116.073,3.4960000000000004,3.512,19072.0,858975.0,19.006,0.42200000000000004,16824.0,0.37200000000000005,2.459,0.407,people tested,87.96,45195777.0,16.177,31.9,11.198,7.441,18933.907,0.6,191.032,5.5,16.2,27.7,,5.0,76.67,0.825
ARG,South America,Argentina,2020-08-15,276059.0,7498.0,6839.571,5428.0,182.0,162.429,6108.071,165.9,151.332,120.1,4.027,3.594,16518.0,875493.0,19.371,0.365,16989.0,0.376,2.484,0.403,people tested,87.96,45195777.0,16.177,31.9,11.198,7.441,18933.907,0.6,191.032,5.5,16.2,27.7,,5.0,76.67,0.825
ARG,South America,Argentina,2020-08-16,282424.0,6365.0,6680.0,5565.0,137.0,159.286,6248.901999999999,140.832,147.80100000000002,123.131,3.031,3.5239999999999996,9976.0,885469.0,19.592,0.221,16977.0,0.376,2.541,0.393,people tested,87.96,45195777.0,16.177,31.9,11.198,7.441,18933.907,0.6,191.032,5.5,16.2,27.7,,5.0,76.67,0.825
ARG,South America,Argentina,2020-08-17,289087.0,6663.0,6755.571,5657.0,92.0,157.286,6396.328,147.425,149.474,125.167,2.036,3.48,12796.0,898265.0,19.875,0.28300000000000003,16481.0,0.365,2.44,0.41,people tested,91.67,45195777.0,16.177,31.9,11.198,7.441,18933.907,0.6,191.032,5.5,16.2,27.7,,5.0,76.67,0.825
ARG,South America,Argentina,2020-08-18,294556.0,5469.0,6867.143,5750.0,93.0,159.429,6517.335,121.007,151.942,127.22399999999999,2.0580000000000003,3.528,15800.0,914065.0,20.225,0.35,15984.0,0.354,2.3280000000000003,0.43,people tested,91.67,45195777.0,16.177,31.9,11.198,7.441,18933.907,0.6,191.032,5.5,16.2,27.7,,5.0,76.67,0.825
ARG,South America,Argentina,2020-08-19,299113.0,4557.0,6465.429,5877.0,127.0,156.0,6618.1630000000005,100.82799999999999,143.054,130.034,2.81,3.452,18147.0,932212.0,20.625999999999998,0.402,15845.0,0.35100000000000003,2.451,0.408,people tested,91.67,45195777.0,16.177,31.9,11.198,7.441,18933.907,0.6,191.032,5.5,16.2,27.7,,5.0,76.67,0.825
ARG,South America,Argentina,2020-08-20,305953.0,6840.0,6436.429,6114.0,237.0,146.571,6769.504,151.342,142.412,135.278,5.244,3.2430000000000003,19064.0,951276.0,21.048000000000002,0.42200000000000004,15910.0,0.35200000000000004,2.472,0.405,people tested,91.67,45195777.0,16.177,31.9,11.198,7.441,18933.907,0.6,191.032,5.5,16.2,27.7,,5.0,76.67,0.825
ARG,South America,Argentina,2020-08-21,312646.0,6693.0,6297.857,6406.0,292.0,165.71400000000003,6917.593000000001,148.089,139.346,141.739,6.461,3.667,19111.0,970387.0,21.471,0.423,15916.0,0.35200000000000004,2.527,0.396,people tested,91.67,45195777.0,16.177,31.9,11.198,7.441,18933.907,0.6,191.032,5.5,16.2,27.7,,5.0,76.67,0.825
ARG,South America,Argentina,2020-08-22,320871.0,8225.0,6401.714,6567.0,161.0,162.714,7099.579000000001,181.986,141.644,145.30100000000002,3.562,3.6,16232.0,986619.0,21.83,0.359,15875.0,0.35100000000000003,2.48,0.403,people tested,91.67,45195777.0,16.177,31.9,11.198,7.441,18933.907,0.6,191.032,5.5,16.2,27.7,,5.0,76.67,0.825
ARG,South America,Argentina,2020-08-23,329030.0,8159.0,6658.0,6795.0,228.0,175.71400000000003,7280.105,180.52599999999998,147.315,150.346,5.045,3.888,10504.0,997123.0,22.061999999999998,0.23199999999999998,15951.0,0.353,2.396,0.417,people tested,91.67,45195777.0,16.177,31.9,11.198,7.441,18933.907,0.6,191.032,5.5,16.2,27.7,,5.0,76.67,0.825
ARG,South America,Argentina,2020-08-24,336789.0,7759.0,6814.571,6848.0,53.0,170.143,7451.78,171.675,150.779,151.519,1.173,3.765,17625.0,1014748.0,22.451999999999998,0.39,16640.0,0.368,2.442,0.41,people tested,91.67,45195777.0,16.177,31.9,11.198,7.441,18933.907,0.6,191.032,5.5,16.2,27.7,,5.0,76.67,0.825
ARG,South America,Argentina,2020-08-25,342141.0,5352.0,6797.857,7079.0,231.0,189.857,7570.198,118.41799999999999,150.409,156.63,5.111000000000001,4.2010000000000005,19539.0,1034287.0,22.885,0.43200000000000005,17175.0,0.38,2.527,0.396,people tested,91.67,45195777.0,16.177,31.9,11.198,7.441,18933.907,0.6,191.032,5.5,16.2,27.7,,5.0,76.67,0.825
ARG,South America,Argentina,2020-08-26,350854.0,8713.0,7391.571,7402.0,323.0,217.857,7762.982,192.783,163.546,163.776,7.147,4.82,21362.0,1055649.0,23.357,0.473,17634.0,0.39,2.386,0.419,people tested,91.67,45195777.0,16.177,31.9,11.198,7.441,18933.907,0.6,191.032,5.5,16.2,27.7,,5.0,76.67,0.825
ARG,South America,Argentina,2020-08-27,359625.0,8771.0,7667.429,7661.0,259.0,221.0,7957.049,194.067,169.649,169.507,5.731,4.89,21963.0,1077612.0,23.843000000000004,0.486,18048.0,0.39899999999999997,2.354,0.425,people tested,91.67,45195777.0,16.177,31.9,11.198,7.441,18933.907,0.6,191.032,5.5,16.2,27.7,,5.0,76.67,0.825
ARG,South America,Argentina,2020-08-28,370175.0,10550.0,8218.429,7944.0,283.0,219.71400000000003,8190.478,233.429,181.84099999999998,175.769,6.2620000000000005,4.861000000000001,21489.0,1099101.0,24.319000000000003,0.475,18388.0,0.40700000000000003,2.237,0.447,people tested,91.67,45195777.0,16.177,31.9,11.198,7.441,18933.907,0.6,191.032,5.5,16.2,27.7,,5.0,76.67,0.825
ARG,South America,Argentina,2020-08-29,380279.0,10104.0,8486.857,8129.0,185.0,223.143,8414.038,223.56099999999998,187.78,179.862,4.093,4.937,17500.0,1116601.0,24.706,0.387,18569.0,0.41100000000000003,2.188,0.457,people tested,91.67,45195777.0,16.177,31.9,11.198,7.441,18933.907,0.6,191.032,5.5,16.2,27.7,,5.0,76.67,0.825
ARG,South America,Argentina,2020-08-30,392009.0,11730.0,8997.0,8305.0,176.0,215.71400000000003,8673.576,259.538,199.067,183.75599999999997,3.8939999999999997,4.773,13595.0,1130196.0,25.006999999999998,0.301,19010.0,0.42100000000000004,2.113,0.473,people tested,91.67,45195777.0,16.177,31.9,11.198,7.441,18933.907,0.6,191.032,5.5,16.2,27.7,,5.0,76.67,0.825
ARG,South America,Argentina,2020-08-31,401226.0,9217.0,9205.286,8401.0,96.0,221.857,8877.511,203.935,203.676,185.88,2.124,4.909,18261.0,1148457.0,25.410999999999998,0.40399999999999997,19101.0,0.423,2.075,0.482,people tested,91.67,45195777.0,16.177,31.9,11.198,7.441,18933.907,0.6,191.032,5.5,16.2,27.7,,5.0,76.67,0.825
ARG,South America,Argentina,2020-09-01,408413.0,7187.0,9467.429,8498.0,97.0,202.71400000000003,9036.53,159.019,209.476,188.02599999999998,2.146,4.485,21324.0,1169781.0,25.883000000000003,0.47200000000000003,19356.0,0.428,2.044,0.489,people tested,91.67,45195777.0,16.177,31.9,11.198,7.441,18933.907,0.6,191.032,5.5,16.2,27.7,,5.0,76.67,0.825
ARG,South America,Argentina,2020-09-02,417722.0,9309.0,9552.571,8730.0,232.0,189.71400000000003,9242.501,205.97099999999998,211.36,193.16,5.132999999999999,4.198,21303.0,1191084.0,26.354,0.47100000000000003,19348.0,0.428,2.025,0.494,people tested,91.67,45195777.0,16.177,31.9,11.198,7.441,18933.907,0.6,191.032,5.5,16.2,27.7,,5.0,76.67,0.825
ARG,South America,Argentina,2020-09-03,428226.0,10504.0,9800.143,8971.0,241.0,187.143,9474.912,232.41099999999997,216.838,198.49200000000002,5.332000000000001,4.141,21879.0,1212963.0,26.838,0.484,19336.0,0.428,1.973,0.507,people tested,91.67,45195777.0,16.177,31.9,11.198,7.441,18933.907,0.6,191.032,5.5,16.2,27.7,,5.0,76.67,0.825
ARG,South America,Argentina,2020-09-04,439159.0,10933.0,9854.857,9155.0,184.0,173.0,9716.815,241.903,218.048,202.563,4.071000000000001,3.8280000000000003,22004.0,1234967.0,27.325,0.48700000000000004,19409.0,0.429,1.969,0.508,people tested,91.67,45195777.0,16.177,31.9,11.198,7.441,18933.907,0.6,191.032,5.5,16.2,27.7,,5.0,76.67,0.825
ARG,South America,Argentina,2020-09-05,451185.0,12026.0,10129.429,9468.0,313.0,191.28599999999997,9982.902,266.087,224.123,209.489,6.925,4.232,19570.0,1254537.0,27.758000000000003,0.433,19705.0,0.436,1.945,0.514,people tested,91.67,45195777.0,16.177,31.9,11.198,7.441,18933.907,0.6,191.032,5.5,16.2,27.7,,5.0,76.67,0.825
ARG,South America,Argentina,2020-09-06,461869.0,10684.0,9980.0,9685.0,217.0,197.143,10219.295,236.394,220.817,214.29,4.801,4.362,12512.0,1267049.0,28.035,0.27699999999999997,19550.0,0.433,1.959,0.51,people tested,91.67,45195777.0,16.177,31.9,11.198,7.441,18933.907,0.6,191.032,5.5,16.2,27.7,,5.0,76.67,0.825
ARG,South America,Argentina,2020-09-07,471793.0,9924.0,10081.0,9807.0,122.0,200.857,10438.874,219.578,223.05200000000002,216.989,2.699,4.444,19879.0,1286928.0,28.475,0.44,19782.0,0.43799999999999994,1.962,0.51,people tested,91.67,45195777.0,16.177,31.9,11.198,7.441,18933.907,0.6,191.032,5.5,16.2,27.7,,5.0,76.67,0.825
ARG,South America,Argentina,2020-09-08,478779.0,6986.0,10052.286,9912.0,105.0,202.0,10593.445,154.572,222.416,219.313,2.323,4.468999999999999,23282.0,1310210.0,28.99,0.515,20061.0,0.444,1.996,0.501,people tested,91.67,45195777.0,16.177,31.9,11.198,7.441,18933.907,0.6,191.032,5.5,16.2,27.7,,5.0,76.67,0.825
ARG,South America,Argentina,2020-09-09,487994.0,9215.0,10038.857,10179.0,267.0,207.0,10797.336000000001,203.891,222.11900000000003,225.22,5.9079999999999995,4.58,24867.0,1335077.0,29.54,0.55,20570.0,0.455,2.049,0.488,people tested,91.67,45195777.0,16.177,31.9,11.198,7.441,18933.907,0.6,191.032,5.5,16.2,27.7,,5.0,76.67,0.825
ARG,South America,Argentina,2020-09-10,500021.0,12027.0,10256.429,10457.0,278.0,212.28599999999997,11063.445,266.10900000000004,226.933,231.37099999999998,6.151,4.697,24180.0,1359257.0,30.075,0.535,20899.0,0.462,2.0380000000000003,0.491,people tested,91.67,45195777.0,16.177,31.9,11.198,7.441,18933.907,0.6,191.032,5.5,16.2,27.7,,5.0,76.67,0.825
ARG,South America,Argentina,2020-09-11,512280.0,12259.0,10445.857,10713.0,256.0,222.571,11334.687,271.242,231.125,237.035,5.664,4.925,25485.0,1384742.0,30.639,0.564,21396.0,0.473,2.048,0.488,people tested,91.67,45195777.0,16.177,31.9,11.198,7.441,18933.907,0.6,191.032,5.5,16.2,27.7,,5.0,76.67,0.825
ARG,South America,Argentina,2020-09-12,524185.0,11905.0,10428.571,10994.0,281.0,218.0,11598.097,263.41,230.74200000000002,243.253,6.2170000000000005,4.823,19586.0,1404328.0,31.072,0.433,21399.0,0.473,2.052,0.487,people tested,91.67,45195777.0,16.177,31.9,11.198,7.441,18933.907,0.6,191.032,5.5,16.2,27.7,,5.0,76.67,0.825
ARG,South America,Argentina,2020-09-13,535690.0,11505.0,10545.857,11206.0,212.0,217.28599999999997,11852.656,254.55900000000003,233.33700000000002,247.94400000000002,4.691,4.808,13410.0,1417738.0,31.369,0.297,21527.0,0.47600000000000003,2.041,0.49,people tested,91.67,45195777.0,16.177,31.9,11.198,7.441,18933.907,0.6,191.032,5.5,16.2,27.7,,5.0,76.67,0.825
ARG,South America,Argentina,2020-09-14,546468.0,10778.0,10667.857,11307.0,101.0,214.28599999999997,12091.13,238.47400000000002,236.037,250.178,2.235,4.7410000000000005,21022.0,1438760.0,31.834,0.465,21690.0,0.48,2.033,0.4920000000000001,people tested,91.67,45195777.0,16.177,31.9,11.198,7.441,18933.907,0.6,191.032,5.5,16.2,27.7,,5.0,76.67,0.825
ARG,South America,Argentina,2020-09-15,555524.0,9056.0,10963.571000000002,11412.0,105.0,214.28599999999997,12291.502,200.373,242.58,252.50099999999998,2.323,4.7410000000000005,22578.0,1461338.0,32.334,0.5,21590.0,0.478,1.969,0.508,people tested,91.67,45195777.0,16.177,31.9,11.198,7.441,18933.907,0.6,191.032,5.5,16.2,27.7,,5.0,76.67,0.825
ARG,South America,Argentina,2020-09-16,565432.0,9908.0,11062.571000000002,11710.0,298.0,218.71400000000003,12510.726,219.22400000000002,244.77,259.095,6.593999999999999,4.8389999999999995,23487.0,1484825.0,32.853,0.52,21393.0,0.473,1.934,0.517,people tested,91.67,45195777.0,16.177,31.9,11.198,7.441,18933.907,0.6,191.032,5.5,16.2,27.7,,5.0,76.67,0.825
ARG,South America,Argentina,2020-09-17,577325.0,11893.0,11043.428999999998,11910.0,200.0,207.571,12773.87,263.144,244.34599999999998,263.52,4.425,4.593,24054.0,1508879.0,33.385,0.532,21375.0,0.473,1.936,0.517,people tested,91.67,45195777.0,16.177,31.9,11.198,7.441,18933.907,0.6,191.032,5.5,16.2,27.7,,5.0,76.67,0.825
ARG,South America,Argentina,2020-09-18,588999.0,11674.0,10959.857,12229.0,319.0,216.571,13032.169,258.298,242.497,270.578,7.058,4.792,24273.0,1533152.0,33.922,0.537,21201.0,0.469,1.934,0.517,people tested,91.67,45195777.0,16.177,31.9,11.198,7.441,18933.907,0.6,191.032,5.5,16.2,27.7,,5.0,76.67,0.825
ARG,South America,Argentina,2020-09-19,601700.0,12701.0,11073.571000000002,12491.0,262.0,213.857,13313.191,281.022,245.013,276.375,5.797000000000001,4.732,18741.0,1551893.0,34.336999999999996,0.415,21081.0,0.466,1.904,0.525,people tested,91.67,45195777.0,16.177,31.9,11.198,7.441,18933.907,0.6,191.032,5.5,16.2,27.7,,5.0,76.67,0.825
ARG,South America,Argentina,2020-09-20,613645.0,11945.0,11136.428999999998,12705.0,214.0,214.143,13577.485,264.295,246.40400000000002,281.11,4.735,4.738,11566.0,1563459.0,34.593,0.256,20817.0,0.461,1.869,0.535,people tested,91.67,45195777.0,16.177,31.9,11.198,7.441,18933.907,0.6,191.032,5.5,16.2,27.7,,5.0,76.67,0.825
ARG,South America,Argentina,2020-09-21,622921.0,9276.0,10921.857,12909.0,204.0,228.857,13782.726,205.24,241.657,285.624,4.513999999999999,5.064,18635.0,1582094.0,35.005,0.41200000000000003,20476.0,0.45299999999999996,1.875,0.5329999999999999,people tested,91.67,45195777.0,16.177,31.9,11.198,7.441,18933.907,0.6,191.032,5.5,16.2,27.7,,5.0,76.67,0.825
ARG,South America,Argentina,2020-09-22,640134.0,17213.0,12087.143,13482.0,573.0,295.714,14163.58,380.85400000000004,267.44,298.302,12.677999999999999,6.542999999999999,21774.0,1603868.0,35.486999999999995,0.48200000000000004,20361.0,0.451,1.685,0.594,people tested,91.67,45195777.0,16.177,31.9,11.198,7.441,18933.907,0.6,191.032,5.5,16.2,27.7,,5.0,76.67,0.825
ARG,South America,Argentina,2020-09-23,652161.0,12027.0,12389.857,13952.0,470.0,320.286,14429.688999999998,266.10900000000004,274.137,308.70099999999996,10.399000000000001,7.087000000000001,23295.0,1627163.0,36.003,0.515,20334.0,0.45,1.641,0.609,people tested,91.67,45195777.0,16.177,31.9,11.198,7.441,18933.907,0.6,191.032,5.5,16.2,27.7,,5.0,76.67,0.825
ARG,South America,Argentina,2020-09-24,664799.0,12638.0,12496.286,14376.0,424.0,352.286,14709.317,279.628,276.492,318.08299999999997,9.381,7.795,22761.0,1649924.0,36.506,0.504,20149.0,0.446,1.612,0.62,people tested,91.67,45195777.0,16.177,31.9,11.198,7.441,18933.907,0.6,191.032,5.5,16.2,27.7,,5.0,76.67,0.825
ARG,South America,Argentina,2020-09-25,678266.0,13467.0,12752.428999999998,14766.0,390.0,362.42900000000003,15007.287,297.97,282.16,326.712,8.629,8.019,23268.0,1673192.0,37.021,0.515,20006.0,0.44299999999999995,1.569,0.637,people tested,91.67,45195777.0,16.177,31.9,11.198,7.441,18933.907,0.6,191.032,5.5,16.2,27.7,,5.0,76.67,0.825
ARG,South America,Argentina,2020-09-26,691222.0,12956.0,12788.857,15208.0,442.0,388.14300000000003,15293.951000000001,286.664,282.966,336.49199999999996,9.78,8.588,17195.0,1690387.0,37.400999999999996,0.38,19785.0,0.43799999999999994,1.547,0.6459999999999999,people tested,91.67,45195777.0,16.177,31.9,11.198,7.441,18933.907,0.6,191.032,5.5,16.2,27.7,,5.0,76.67,0.825
ARG,South America,Argentina,2020-09-27,702471.0,11249.0,12689.428999999998,15543.0,335.0,405.42900000000003,15542.846000000001,248.895,280.76599999999996,343.904,7.412000000000001,8.97,12082.0,1702469.0,37.669000000000004,0.267,19859.0,0.439,1.565,0.639,people tested,91.67,45195777.0,16.177,31.9,11.198,7.441,18933.907,0.6,191.032,5.5,16.2,27.7,,5.0,76.67,0.825
ARG,South America,Argentina,2020-09-28,711312.0,8841.0,12627.286,15749.0,206.0,405.714,15738.462,195.61599999999999,279.39099999999996,348.462,4.558,8.977,19487.0,1721956.0,38.1,0.431,19980.0,0.442,1.582,0.632,people tested,91.67,45195777.0,16.177,31.9,11.198,7.441,18933.907,0.6,191.032,5.5,16.2,27.7,,5.0,76.67,0.825
ARG,South America,Argentina,2020-09-29,723119.0,11807.0,11855.0,16113.0,364.0,375.85699999999997,15999.703000000001,261.241,262.303,356.51599999999996,8.054,8.316,23447.0,1745403.0,38.619,0.519,20219.0,0.447,1.706,0.586,people tested,91.67,45195777.0,16.177,31.9,11.198,7.441,18933.907,0.6,191.032,5.5,16.2,27.7,,5.0,76.67,0.825
ARG,South America,Argentina,2020-09-30,736596.0,13477.0,12062.143,16519.0,406.0,366.714,16297.893999999998,298.192,266.887,365.499,8.982999999999999,8.113999999999999,22962.0,1768365.0,39.126999999999995,0.508,20172.0,0.446,1.672,0.598,people tested,91.67,45195777.0,16.177,31.9,11.198,7.441,18933.907,0.6,191.032,5.5,16.2,27.7,,5.0,76.67,0.825
ARG,South America,Argentina,2020-10-01,750988.0,14392.0,12312.714,16937.0,418.0,365.85699999999997,16616.331000000002,318.437,272.431,374.74699999999996,9.249,8.095,21617.0,1789982.0,39.605,0.478,20008.0,0.44299999999999995,1.625,0.615,people tested,,45195777.0,16.177,31.9,11.198,7.441,18933.907,0.6,191.032,5.5,16.2,27.7,,5.0,76.67,0.825
ARG,South America,Argentina,2020-10-02,764989.0,14001.0,12389.0,20288.0,3351.0,788.857,16926.117,309.786,274.119,448.89099999999996,74.14399999999999,17.454,21893.0,1811875.0,40.089,0.484,19812.0,0.43799999999999994,1.599,0.625,people tested,,45195777.0,16.177,31.9,11.198,7.441,18933.907,0.6,191.032,5.5,16.2,27.7,,5.0,76.67,0.825
ARG,South America,Argentina,2020-10-03,779676.0,14687.0,12636.286,20599.0,311.0,770.143,17251.081000000002,324.964,279.59,455.773,6.881,17.04,15590.0,1827465.0,40.434,0.345,19583.0,0.433,1.55,0.645,people tested,,45195777.0,16.177,31.9,11.198,7.441,18933.907,0.6,191.032,5.5,16.2,27.7,,5.0,76.67,0.825
ARG,South America,Argentina,2020-10-04,790805.0,11129.0,12619.143,20795.0,196.0,750.2860000000001,17497.321,246.24,279.211,460.10900000000004,4.337,16.601,,,,,,,,,,,45195777.0,16.177,31.9,11.198,7.441,18933.907,0.6,191.032,5.5,16.2,27.7,,5.0,76.67,0.825
ARG,South America,Argentina,2020-10-05,798473.0,7668.0,12451.571000000002,21018.0,223.0,752.7139999999999,17666.982,169.662,275.503,465.043,4.934,16.655,,,,,,,,,,,45195777.0,16.177,31.9,11.198,7.441,18933.907,0.6,191.032,5.5,16.2,27.7,,5.0,76.67,0.825
ARG,South America,Argentina,2020-10-06,809715.0,11242.0,12370.857,21468.0,450.0,765.0,17915.723,248.74,273.717,475.0,9.957,16.926,,,,,,,,,,,45195777.0,16.177,31.9,11.198,7.441,18933.907,0.6,191.032,5.5,16.2,27.7,,5.0,76.67,0.825
ARG,South America,Argentina,2020-10-07,824455.0,14740.0,12551.286,21827.0,359.0,758.2860000000001,18241.859,326.137,277.709,482.94300000000004,7.943,16.778,,,,,,,,,,,45195777.0,16.177,31.9,11.198,7.441,18933.907,0.6,191.032,5.5,16.2,27.7,,5.0,76.67,0.825
ARG,South America,Argentina,2020-10-08,840902.0,16447.0,12844.857,22226.0,399.0,755.571,18605.765,363.906,284.205,491.772,8.828,16.718,,,,,,,,,,,45195777.0,16.177,31.9,11.198,7.441,18933.907,0.6,191.032,5.5,16.2,27.7,,5.0,76.67,0.825
ARG,South America,Argentina,2020-10-09,856356.0,15454.0,13052.428999999998,22710.0,484.0,346.0,18947.699,341.935,288.798,502.481,10.709000000000001,7.656000000000001,,,,,,,,,,,45195777.0,16.177,31.9,11.198,7.441,18933.907,0.6,191.032,5.5,16.2,27.7,,5.0,76.67,0.825
